"Curve Name","Curve Length (um)","Average Curvature (um-1)","Curvature Std (um-1)","X-Coordinate (um)","Y-Coordinate (um)","Point Curvature (um-1)","Point Curvature Sign","Red Intensity","Green Intensity","Blue Intensity"
"CURVE 4","0.08877088463227695","26.438922512661534","19.04569009751935","0.014328358208955224","0.1307462686567164","54.31867387514495","1","1.0","1.0","1.0"
"CURVE 4","0.08877088463227695","26.438922512661534","19.04569009751935","0.01442077985450403","0.13100316711919227","55.40392309333793","1","0.0","0.0","0.0"
"CURVE 4","0.08877088463227695","26.438922512661534","19.04569009751935","0.01451611931644269","0.1312561555169708","56.478586723904634","1","0.0","0.0","0.0"
"CURVE 4","0.08877088463227695","26.438922512661534","19.04569009751935","0.0146143428603215","0.13150525918647424","57.54016851194681","1","0.0","0.0","0.0"
"CURVE 4","0.08877088463227695","26.438922512661534","19.04569009751935","0.014715416751690765","0.13175050346412467","58.58611317054924","1","0.0","0.0","0.0"
"CURVE 4","0.08877088463227695","26.438922512661534","19.04569009751935","0.014819307256100785","0.13199191368634428","59.61381900416707","1","0.0","0.0","0.0"
"CURVE 4","0.08877088463227695","26.438922512661534","19.04569009751935","0.014925980639101855","0.13222951518955517","60.620651702604086","1","0.0","0.0","0.0"
"CURVE 4","0.08877088463227695","26.438922512661534","19.04569009751935","0.015035403166244281","0.13246333331017945","61.603959228224795","1","1.0","1.0","1.0"
"CURVE 4","0.08877088463227695","26.438922512661534","19.04569009751935","0.015147541103078359","0.1326933933846393","62.56108766663257","1","1.0","1.0","1.0"
"CURVE 4","0.08877088463227695","26.438922512661534","19.04569009751935","0.015262360715154391","0.13291972074935685","63.48939790637081","1","1.0","1.0","1.0"
"CURVE 4","0.08877088463227695","26.438922512661534","19.04569009751935","0.01537982826802268","0.13314234074075423","64.38628298055191","1","0.0","0.0","0.0"
"CURVE 4","0.08877088463227695","26.438922512661534","19.04569009751935","0.015499910027233521","0.1333612786952536","65.24918587806889","1","0.0","0.0","0.0"
"CURVE 4","0.08877088463227695","26.438922512661534","19.04569009751935","0.01562257225833722","0.13357655994927706","66.07561763700357","1","0.0","0.0","0.0"
"CURVE 4","0.08877088463227695","26.438922512661534","19.04569009751935","0.015747781226884073","0.13378820983924675","66.86317547618509","1","0.0","0.0","0.0"
"CURVE 4","0.08877088463227695","26.438922512661534","19.04569009751935","0.01587550319842438","0.13399625370158483","67.60956074569562","1","0.0","0.0","0.0"
"CURVE 4","0.08877088463227695","26.438922512661534","19.04569009751935","0.016005704438508444","0.13420071687271343","68.31259647319862","1","0.0","0.0","0.0"
"CURVE 4","0.08877088463227695","26.438922512661534","19.04569009751935","0.016138351212686565","0.13440162468905473","68.97024421058269","1","0.0","0.0","0.0"
"CURVE 4","0.08877088463227695","26.438922512661534","19.04569009751935","0.01627340978650904","0.13459900248703083","69.58062001174221","1","0.0","0.0","0.0"
"CURVE 4","0.08877088463227695","26.438922512661534","19.04569009751935","0.016410846425526173","0.1347928756030638","70.14200925856825","1","0.0","0.0","0.0"
"CURVE 4","0.08877088463227695","26.438922512661534","19.04569009751935","0.016550627395288266","0.13498326937357588","70.6528801174028","1","0.0","0.0","0.0"
"CURVE 4","0.08877088463227695","26.438922512661534","19.04569009751935","0.016692718961345616","0.13517020913498914","71.1118954756295","1","0.0","0.0","0.0"
"CURVE 4","0.08877088463227695","26.438922512661534","19.04569009751935","0.01683708738924852","0.13535372022372577","71.51792311821036","1","0.0","0.0","0.0"
"CURVE 4","0.08877088463227695","26.438922512661534","19.04569009751935","0.016983698944547283","0.1355338279762079","71.87004403392943","1","0.0","0.0","0.0"
"CURVE 4","0.08877088463227695","26.438922512661534","19.04569009751935","0.017132519892792204","0.13571055772885757","72.16755872462765","1","0.0","0.0","0.0"
"CURVE 4","0.08877088463227695","26.438922512661534","19.04569009751935","0.017283516499533583","0.13588393481809705","72.40999142844562","1","0.0","0.0","0.0"
"CURVE 4","0.08877088463227695","26.438922512661534","19.04569009751935","0.01743665503032172","0.1360539845803484","72.59709220044883","1","0.0","0.0","0.0"
"CURVE 4","0.08877088463227695","26.438922512661534","19.04569009751935","0.017591901750706917","0.1362207323520338","72.7288368679123","1","0.0","0.0","0.0"
"CURVE 4","0.08877088463227695","26.438922512661534","19.04569009751935","0.01774922292623947","0.13638420346957536","72.8054248472272","1","0.0","0.0","0.0"
"CURVE 4","0.08877088463227695","26.438922512661534","19.04569009751935","0.01790858482246968","0.13654442326939523","72.82727490414719","1","0.0","0.0","0.0"
"CURVE 4","0.08877088463227695","26.438922512661534","19.04569009751935","0.01806995370494785","0.13670141708791553","72.79501895060378","1","1.0","1.0","1.0"
"CURVE 4","0.08877088463227695","26.438922512661534","19.04569009751935","0.018233295839224287","0.1368552102615584","72.70949398291202","1","1.0","1.0","1.0"
"CURVE 4","0.08877088463227695","26.438922512661534","19.04569009751935","0.018398577490849284","0.13700582812674603","72.5717323477346","1","0.0","0.0","0.0"
"CURVE 4","0.08877088463227695","26.438922512661534","19.04569009751935","0.018565764925373134","0.1371532960199005","72.38295045694352","1","0.0","0.0","0.0"
"CURVE 4","0.08877088463227695","26.438922512661534","19.04569009751935","0.018734824408346146","0.13729763927744398","72.14453621753705","1","0.0","0.0","0.0"
"CURVE 4","0.08877088463227695","26.438922512661534","19.04569009751935","0.018905722205318623","0.13743888323579853","71.8580352991367","1","0.0","0.0","0.0"
"CURVE 4","0.08877088463227695","26.438922512661534","19.04569009751935","0.019078424581840857","0.1375770532313864","71.52513652284527","1","0.0","0.0","0.0"
"CURVE 4","0.08877088463227695","26.438922512661534","19.04569009751935","0.01925289780346315","0.13771217460062965","71.14765655683958","1","0.0","0.0","0.0"
"CURVE 4","0.08877088463227695","26.438922512661534","19.04569009751935","0.01942910813573581","0.13784427267995045","70.72752415534808","1","0.0","0.0","0.0"
"CURVE 4","0.08877088463227695","26.438922512661534","19.04569009751935","0.01960702184420913","0.13797337280577093","70.26676412104115","1","0.0","0.0","0.0"
"CURVE 4","0.08877088463227695","26.438922512661534","19.04569009751935","0.01978660519443341","0.13809950031451326","69.76748126100269","1","0.0","0.0","0.0"
"CURVE 4","0.08877088463227695","26.438922512661534","19.04569009751935","0.019967824451958955","0.1382226805425995","69.23184444270686","1","0.0","0.0","0.0"
"CURVE 4","0.08877088463227695","26.438922512661534","19.04569009751935","0.02015064588233606","0.13834293882645185","68.66207100990884","1","0.0","0.0","0.0"
"CURVE 4","0.08877088463227695","26.438922512661534","19.04569009751935","0.02033503575111503","0.13846030050249244","68.06041166093804","1","0.0","0.0","0.0"
"CURVE 4","0.08877088463227695","26.438922512661534","19.04569009751935","0.020520960323846163","0.1385747909071434","67.42913596403035","1","0.0","0.0","0.0"
"CURVE 4","0.08877088463227695","26.438922512661534","19.04569009751935","0.02070838586607976","0.13868643537682682","66.77051861111278","1","0.0","0.0","0.0"
"CURVE 4","0.08877088463227695","26.438922512661534","19.04569009751935","0.02089727864336612","0.1387952592479649","66.08682650667247","1","0.0","0.0","0.0"
"CURVE 4","0.08877088463227695","26.438922512661534","19.04569009751935","0.02108760492125554","0.13890128785697978","65.38030680822746","1","0.0","0.0","0.0"
"CURVE 4","0.08877088463227695","26.438922512661534","19.04569009751935","0.02127933096529833","0.13900454654029354","64.65317592412428","1","0.0","0.0","0.0"
"CURVE 4","0.08877088463227695","26.438922512661534","19.04569009751935","0.021472423041044776","0.13910506063432837","63.90760954281267","1","0.0","0.0","0.0"
"CURVE 4","0.08877088463227695","26.438922512661534","19.04569009751935","0.021666847414045193","0.13920285547550637","63.14573371672011","1","0.0","0.0","0.0"
"CURVE 4","0.08877088463227695","26.438922512661534","19.04569009751935","0.021862570349849876","0.13929795640024975","62.36961699457575","1","0.0","0.0","0.0"
"CURVE 4","0.08877088463227695","26.438922512661534","19.04569009751935","0.02205955811400912","0.13939038874498055","61.58126357166561","1","0.0","0.0","0.0"
"CURVE 4","0.08877088463227695","26.438922512661534","19.04569009751935","0.02225777697207323","0.13948017784612093","60.782607506251956","1","0.0","0.0","0.0"
"CURVE 4","0.08877088463227695","26.438922512661534","19.04569009751935","0.02245719318959251","0.1395673490400931","59.975507875168425","1","0.0","0.0","0.0"
"CURVE 4","0.08877088463227695","26.438922512661534","19.04569009751935","0.02265777303211725","0.1396519276633191","59.16174490368748","1","0.0","0.0","0.0"
"CURVE 4","0.08877088463227695","26.438922512661534","19.04569009751935","0.022859482765197756","0.13973393905222117","58.3430169707501","1","0.0","0.0","0.0"
"CURVE 4","0.08877088463227695","26.438922512661534","19.04569009751935","0.02306228865438433","0.13981340854322138","57.52093845484907","1","0.0","0.0","0.0"
"CURVE 4","0.08877088463227695","26.438922512661534","19.04569009751935","0.023266156965227276","0.1398903614727419","56.69703836226812","1","0.0","0.0","0.0"
"CURVE 4","0.08877088463227695","26.438922512661534","19.04569009751935","0.023471053963276884","0.1399648231772048","55.87275964086692","1","0.0","0.0","0.0"
"CURVE 4","0.08877088463227695","26.438922512661534","19.04569009751935","0.02367694591408346","0.14003681899303225","55.04945918081303","1","0.0","0.0","0.0"
"CURVE 4","0.08877088463227695","26.438922512661534","19.04569009751935","0.0238837990831973","0.14010637425664646","54.228408352494746","1","0.0","0.0","0.0"
"CURVE 4","0.08877088463227695","26.438922512661534","19.04569009751935","0.02409157973616871","0.14017351430446945","53.41079408712514","1","0.0","0.0","0.0"
"CURVE 4","0.08877088463227695","26.438922512661534","19.04569009751935","0.024300254138547993","0.14023826447292345","52.59772040061393","1","0.0","0.0","0.0"
"CURVE 4","0.08877088463227695","26.438922512661534","19.04569009751935","0.024509788555885436","0.14030065009843057","51.79021031673527","1","0.0","0.0","0.0"
"CURVE 4","0.08877088463227695","26.438922512661534","19.04569009751935","0.024720149253731345","0.14036069651741293","50.98920810628485","1","0.0","0.0","0.0"
"CURVE 4","0.08877088463227695","26.438922512661534","19.04569009751935","0.024931302497636025","0.14041842906629265","50.1955818336997","1","0.0","0.0","0.0"
"CURVE 4","0.08877088463227695","26.438922512661534","19.04569009751935","0.02514321455314978","0.14047387308149192","49.41012610569678","1","0.0","0.0","0.0"
"CURVE 4","0.08877088463227695","26.438922512661534","19.04569009751935","0.025355851685822904","0.14052705389943287","48.633565013244706","1","0.0","0.0","0.0"
"CURVE 4","0.08877088463227695","26.438922512661534","19.04569009751935","0.02556918016120569","0.1405779968565376","47.86655521315693","1","0.0","0.0","0.0"
"CURVE 4","0.08877088463227695","26.438922512661534","19.04569009751935","0.02578316624484845","0.1406267272892283","47.109689106903446","1","0.0","0.0","0.0"
"CURVE 4","0.08877088463227695","26.438922512661534","19.04569009751935","0.02599777620230148","0.14067327053392706","46.363498078063984","1","0.0","0.0","0.0"
"CURVE 4","0.08877088463227695","26.438922512661534","19.04569009751935","0.026212976299115086","0.14071765192705601","45.62845577547632","1","0.0","0.0","0.0"
"CURVE 4","0.08877088463227695","26.438922512661534","19.04569009751935","0.026428732800839554","0.14075989680503734","44.90498137841901","1","0.0","0.0","0.0"
"CURVE 4","0.08877088463227695","26.438922512661534","19.04569009751935","0.0266450119730252","0.14080003050429313","44.19344287247334","1","0.0","0.0","0.0"
"CURVE 4","0.08877088463227695","26.438922512661534","19.04569009751935","0.026861780081222312","0.14083807836124557","43.49416027042353","1","0.0","0.0","0.0"
"CURVE 4","0.08877088463227695","26.438922512661534","19.04569009751935","0.027079003390981193","0.14087406571231673","42.80740873756004","1","0.0","0.0","0.0"
"CURVE 4","0.08877088463227695","26.438922512661534","19.04569009751935","0.02729664816785215","0.1409080178939288","42.13342174087443","1","0.0","0.0","0.0"
"CURVE 4","0.08877088463227695","26.438922512661534","19.04569009751935","0.027514680677385477","0.1409399602425039","41.47239399725275","1","0.0","0.0","0.0"
"CURVE 4","0.08877088463227695","26.438922512661534","19.04569009751935","0.027733067185131476","0.14096991809446419","40.82448441082906","1","0.0","0.0","0.0"
"CURVE 4","0.08877088463227695","26.438922512661534","19.04569009751935","0.02795177395664045","0.1409979167862318","40.189818878719116","1","0.0","0.0","0.0"
"CURVE 4","0.08877088463227695","26.438922512661534","19.04569009751935","0.028170767257462693","0.14102398165422886","39.56849299274104","1","0.0","0.0","0.0"
"CURVE 4","0.08877088463227695","26.438922512661534","19.04569009751935","0.028390013353148513","0.1410481380348775","38.96057459637388","1","0.0","0.0","0.0"
"CURVE 4","0.08877088463227695","26.438922512661534","19.04569009751935","0.0286094785092482","0.14107041126459985","38.366106294035056","1","0.0","0.0","0.0"
"CURVE 4","0.08877088463227695","26.438922512661534","19.04569009751935","0.028829128991312063","0.14109082667981807","37.785107791248244","1","0.0","0.0","0.0"
"CURVE 4","0.08877088463227695","26.438922512661534","19.04569009751935","0.0290489310648904","0.14110940961695428","37.217578130654","1","0.0","0.0","0.0"
"CURVE 4","0.08877088463227695","26.438922512661534","19.04569009751935","0.02926885099553351","0.14112618541243063","36.66349783282265","1","0.0","0.0","0.0"
"CURVE 4","0.08877088463227695","26.438922512661534","19.04569009751935","0.02948885504879169","0.14114117940266926","36.12283090394489","1","0.0","0.0","0.0"
"CURVE 4","0.08877088463227695","26.438922512661534","19.04569009751935","0.02970890949021525","0.14115441692409228","35.59552674264686","1","0.0","0.0","0.0"
"CURVE 4","0.08877088463227695","26.438922512661534","19.04569009751935","0.029928980585354484","0.1411659233131219","35.08152192757399","1","0.0","0.0","0.0"
"CURVE 4","0.08877088463227695","26.438922512661534","19.04569009751935","0.030149034599759695","0.14117572390618016","34.58074194691951","1","0.0","0.0","0.0"
"CURVE 4","0.08877088463227695","26.438922512661534","19.04569009751935","0.030369037798981174","0.14118384403968923","34.09310277619071","1","0.0","0.0","0.0"
"CURVE 4","0.08877088463227695","26.438922512661534","19.04569009751935","0.030588956448569234","0.1411903090500713","33.61851237997468","1","0.0","0.0","0.0"
"CURVE 4","0.08877088463227695","26.438922512661534","19.04569009751935","0.03080875681407417","0.14119514427374844","33.15687214045286","1","0.0","0.0","0.0"
"CURVE 4","0.08877088463227695","26.438922512661534","19.04569009751935","0.03102840516104628","0.1411983750471428","32.70807820675055","1","0.0","0.0","0.0"
"CURVE 4","0.08877088463227695","26.438922512661534","19.04569009751935","0.031247867755035862","0.14120002670667656","32.27202271719598","1","0.0","0.0","0.0"
"CURVE 4","0.08877088463227695","26.438922512661534","19.04569009751935","0.03146711086159323","0.14120012458877182","31.848595022995323","1","0.0","0.0","0.0"
"CURVE 4","0.08877088463227695","26.438922512661534","19.04569009751935","0.03168610074626867","0.14119869402985075","31.43768278797704","1","0.0","0.0","0.0"
"CURVE 4","0.08877088463227695","26.438922512661534","19.04569009751935","0.03190480367461248","0.14119576036633544","31.039173026598373","1","0.0","0.0","0.0"
"CURVE 4","0.08877088463227695","26.438922512661534","19.04569009751935","0.032123185912174966","0.14119134893464805","30.652953141782","1","0.0","0.0","0.0"
"CURVE 4","0.08877088463227695","26.438922512661534","19.04569009751935","0.032341213724506435","0.1411854850712107","30.27891182971066","1","0.0","0.0","0.0"
"CURVE 4","0.08877088463227695","26.438922512661534","19.04569009751935","0.032558853377157186","0.14117819411244556","29.916940021770962","1","0.0","0.0","0.0"
"CURVE 4","0.08877088463227695","26.438922512661534","19.04569009751935","0.032776071135677515","0.1411695013947748","29.566931713023273","1","0.0","0.0","0.0"
"CURVE 4","0.08877088463227695","26.438922512661534","19.04569009751935","0.03299283326561772","0.14115943225462044","29.228784807371802","1","0.0","0.0","0.0"
"CURVE 4","0.08877088463227695","26.438922512661534","19.04569009751935","0.03320910603252811","0.1411480120284047","28.902401908876335","1","0.0","0.0","0.0"
"CURVE 4","0.08877088463227695","26.438922512661534","19.04569009751935","0.03342485570195896","0.14113526605254975","28.587691086200408","1","0.0","0.0","0.0"
"CURVE 4","0.08877088463227695","26.438922512661534","19.04569009751935","0.03364004853946059","0.14112121966347765","28.284566638437592","1","0.0","0.0","0.0"
"CURVE 4","0.08877088463227695","26.438922512661534","19.04569009751935","0.033854650810583316","0.1411058981976106","27.992949828442526","1","0.0","0.0","0.0"
"CURVE 4","0.08877088463227695","26.438922512661534","19.04569009751935","0.034068628780877415","0.1410893269913707","27.712769605077103","1","0.0","0.0","0.0"
"CURVE 4","0.08877088463227695","26.438922512661534","19.04569009751935","0.03428194871589319","0.14107153138118003","27.443963346809394","1","0.0","0.0","0.0"
"CURVE 4","0.08877088463227695","26.438922512661534","19.04569009751935","0.03449457688118095","0.14105253670346082","27.18647758585554","1","0.0","0.0","0.0"
"CURVE 4","0.08877088463227695","26.438922512661534","19.04569009751935","0.034706479542290995","0.1410323682946352","26.940268731976904","1","0.0","0.0","0.0"
"CURVE 4","0.08877088463227695","26.438922512661534","19.04569009751935","0.03491762296477361","0.14101105149112528","26.705303878048877","1","0.0","0.0","0.0"
"CURVE 4","0.08877088463227695","26.438922512661534","19.04569009751935","0.03512797341417911","0.14098861162935322","26.481561509541187","1","0.0","0.0","0.0"
"CURVE 4","0.08877088463227695","26.438922512661534","19.04569009751935","0.035337497156057794","0.14096507404574113","26.26903236000929","1","0.0","0.0","0.0"
"CURVE 4","0.08877088463227695","26.438922512661534","19.04569009751935","0.03554616045595996","0.14094046407671118","26.06772024387273","1","0.0","0.0","0.0"
"CURVE 4","0.08877088463227695","26.438922512661534","19.04569009751935","0.035753929579435906","0.14091480705868545","25.87764290380727","1","0.0","0.0","0.0"
"CURVE 4","0.08877088463227695","26.438922512661534","19.04569009751935","0.035960770792035926","0.14088812832808614","25.698832984090174","1","0.0","0.0","0.0"
"CURVE 4","0.08877088463227695","26.438922512661534","19.04569009751935","0.03616665035931033","0.14086045322133534","25.531339004182506","1","0.0","0.0","0.0"
"CURVE 4","0.08877088463227695","26.438922512661534","19.04569009751935","0.036371534546809414","0.14083180707485524","25.375226413555467","1","0.0","0.0","0.0"
"CURVE 4","0.08877088463227695","26.438922512661534","19.04569009751935","0.036575389620083484","0.14080221522506792","25.230578736507567","1","0.0","0.0","0.0"
"CURVE 4","0.08877088463227695","26.438922512661534","19.04569009751935","0.03677818184468285","0.14077170300839553","25.09749880038663","1","0.0","0.0","0.0"
"CURVE 4","0.08877088463227695","26.438922512661534","19.04569009751935","0.03697987748615779","0.14074029576126024","24.976110044949326","1","0.0","0.0","0.0"
"CURVE 4","0.08877088463227695","26.438922512661534","19.04569009751935","0.03718044281005861","0.14070801882008413","24.866557981764686","1","0.0","0.0","0.0"
"CURVE 4","0.08877088463227695","26.438922512661534","19.04569009751935","0.03737984408193561","0.14067489752128945","24.769011746128264","1","0.0","0.0","0.0"
"CURVE 4","0.08877088463227695","26.438922512661534","19.04569009751935","0.037578047567339096","0.14064095720129818","24.683665822376607","1","0.0","0.0","0.0"
"CURVE 4","0.08877088463227695","26.438922512661534","19.04569009751935","0.037775019531819366","0.1406062231965326","24.61074191162947","1","0.0","0.0","0.0"
"CURVE 4","0.08877088463227695","26.438922512661534","19.04569009751935","0.037970726240926726","0.14057072084341476","24.55049099649474","1","0.0","0.0","0.0"
"CURVE 4","0.08877088463227695","26.438922512661534","19.04569009751935","0.03816513396021146","0.14053447547836684","24.503195591856507","1","0.0","0.0","0.0"
"CURVE 4","0.08877088463227695","26.438922512661534","19.04569009751935","0.03835820895522389","0.14049751243781095","24.469172235061247","1","0.0","0.0","0.0"
"CURVE 4","0.08877088463227695","26.438922512661534","19.04569009751935","0.03854992467965654","0.14045985378436188","24.729898256613456","1","0.0","0.0","0.0"
"CURVE 4","0.08877088463227695","26.438922512661534","19.04569009751935","0.038740283339770885","0.14042150848540502","24.989987943997363","1","0.0","0.0","0.0"
"CURVE 4","0.08877088463227695","26.438922512661534","19.04569009751935","0.038929294329970644","0.14038248223451832","25.249296137405445","1","0.0","0.0","0.0"
"CURVE 4","0.08877088463227695","26.438922512661534","19.04569009751935","0.03911696704465952","0.14034278072527986","25.50767402348716","1","0.0","0.0","0.0"
"CURVE 4","0.08877088463227695","26.438922512661534","19.04569009751935","0.03930331087824125","0.14030240965126756","25.76496922144965","1","0.0","0.0","0.0"
"CURVE 4","0.08877088463227695","26.438922512661534","19.04569009751935","0.03948833522511953","0.14026137470605954","26.02102580830224","1","0.0","0.0","0.0"
"CURVE 4","0.08877088463227695","26.438922512661534","19.04569009751935","0.039672049479698074","0.14021968158323375","26.275684424155237","1","0.0","0.0","0.0"
"CURVE 4","0.08877088463227695","26.438922512661534","19.04569009751935","0.03985446303638061","0.14017733597636817","26.528782328886685","1","0.0","0.0","0.0"
"CURVE 4","0.08877088463227695","26.438922512661534","19.04569009751935","0.04003558528957083","0.14013434357904084","26.780153543543626","1","0.0","0.0","0.0"
"CURVE 4","0.08877088463227695","26.438922512661534","19.04569009751935","0.04021542563367247","0.14009071008482976","27.029628918886655","1","0.0","0.0","0.0"
"CURVE 4","0.08877088463227695","26.438922512661534","19.04569009751935","0.040393993463089216","0.14004644118731296","27.27703624532327","1","0.0","0.0","0.0"
"CURVE 4","0.08877088463227695","26.438922512661534","19.04569009751935","0.040571298172224816","0.14000154258006842","27.52220036521003","1","0.0","0.0","0.0"
"CURVE 4","0.08877088463227695","26.438922512661534","19.04569009751935","0.04074734915548297","0.13995601995667414","27.764943359900553","1","1.0","1.0","1.0"
"CURVE 4","0.08877088463227695","26.438922512661534","19.04569009751935","0.04092215580726737","0.13990987901070817","28.005084610589236","1","1.0","1.0","1.0"
"CURVE 4","0.08877088463227695","26.438922512661534","19.04569009751935","0.041095727521981776","0.1398631254357485","28.242440997456786","1","1.0","1.0","1.0"
"CURVE 4","0.08877088463227695","26.438922512661534","19.04569009751935","0.04126807369402985","0.13981576492537312","28.47682702532503","1","1.0","1.0","1.0"
"CURVE 4","0.08877088463227695","26.438922512661534","19.04569009751935","0.04143920371781535","0.13976780317316007","28.708055006987145","1","1.0","1.0","1.0"
"CURVE 4","0.08877088463227695","26.438922512661534","19.04569009751935","0.04160912698774196","0.13971924587268733","28.935935229973058","1","1.0","1.0","1.0"
"CURVE 4","0.08877088463227695","26.438922512661534","19.04569009751935","0.04177785289821341","0.13967009871753291","29.16027611631443","1","1.0","1.0","1.0"
"CURVE 4","0.08877088463227695","26.438922512661534","19.04569009751935","0.0419453908436334","0.13962036740127484","29.380884448215063","1","1.0","1.0","1.0"
"CURVE 4","0.08877088463227695","26.438922512661534","19.04569009751935","0.04211175021840565","0.13957005761749117","29.597565519351026","1","0.0","0.0","0.0"
"CURVE 4","0.08877088463227695","26.438922512661534","19.04569009751935","0.04227694041693388","0.1395191750597598","29.810123381766548","1","0.0","0.0","0.0"
"CURVE 4","0.08877088463227695","26.438922512661534","19.04569009751935","0.04244097083362181","0.13946772542165878","30.01836101171116","1","0.0","0.0","0.0"
"CURVE 4","0.08877088463227695","26.438922512661534","19.04569009751935","0.04260385086287314","0.13941571439676617","30.222080568308712","1","0.0","0.0","0.0"
"CURVE 4","0.08877088463227695","26.438922512661534","19.04569009751935","0.04276558989909158","0.13936314767865993","30.42108357597766","1","0.0","0.0","0.0"
"CURVE 4","0.08877088463227695","26.438922512661534","19.04569009751935","0.042926197336680856","0.13931003096091807","30.615171186373864","1","0.0","0.0","0.0"
"CURVE 4","0.08877088463227695","26.438922512661534","19.04569009751935","0.043085682570044685","0.1392563699371186","30.80414438446206","1","0.0","0.0","0.0"
"CURVE 4","0.08877088463227695","26.438922512661534","19.04569009751935","0.04324405499358676","0.13920217030083956","30.98780424949062","1","0.0","0.0","0.0"
"CURVE 4","0.08877088463227695","26.438922512661534","19.04569009751935","0.0434013240017108","0.13914743774565894","31.16595218245068","1","0.0","0.0","0.0"
"CURVE 4","0.08877088463227695","26.438922512661534","19.04569009751935","0.043557498988820546","0.1390921779651547","31.338390141796243","1","0.0","0.0","0.0"
"CURVE 4","0.08877088463227695","26.438922512661534","19.04569009751935","0.04371258934931969","0.1390363966529049","31.504920938060184","1","0.0","0.0","0.0"
"CURVE 4","0.08877088463227695","26.438922512661534","19.04569009751935","0.04386660447761195","0.13898009950248755","31.665348433294568","1","1.0","1.0","1.0"
"CURVE 4","0.08877088463227695","26.438922512661534","19.04569009751935","0.04401955376810104","0.13892329220748065","31.81947782524302","1","1.0","1.0","1.0"
"CURVE 4","0.08877088463227695","26.438922512661534","19.04569009751935","0.044171446615190645","0.13886598046146223","31.967115875678438","1","1.0","1.0","1.0"
"CURVE 4","0.08877088463227695","26.438922512661534","19.04569009751935","0.04432229241328453","0.13880816995801024","32.108071215443054","1","1.0","1.0","1.0"
"CURVE 4","0.08877088463227695","26.438922512661534","19.04569009751935","0.04447210055678638","0.13874986639070272","32.242154547730976","1","1.0","1.0","1.0"
"CURVE 4","0.08877088463227695","26.438922512661534","19.04569009751935","0.044620880440099916","0.1386910754531177","32.3691789281378","1","1.0","1.0","1.0"
"CURVE 4","0.08877088463227695","26.438922512661534","19.04569009751935","0.044768641457628856","0.13863180283883317","32.488960012759115","1","1.0","1.0","1.0"
"CURVE 4","0.08877088463227695","26.438922512661534","19.04569009751935","0.0449153930037769","0.1385720542414271","32.6013163165052","1","1.0","1.0","1.0"
"CURVE 4","0.08877088463227695","26.438922512661534","19.04569009751935","0.04506114447294776","0.13851183535447756","32.70606944779585","1","0.0","0.0","0.0"
"CURVE 4","0.08877088463227695","26.438922512661534","19.04569009751935","0.04520590525954517","0.13845115187156257","32.80304436454123","1","0.0","0.0","0.0"
"CURVE 4","0.08877088463227695","26.438922512661534","19.04569009751935","0.04534968475797284","0.13839000948626007","32.89206960794544","1","0.0","0.0","0.0"
"CURVE 4","0.08877088463227695","26.438922512661534","19.04569009751935","0.04549249236263447","0.1383284138921481","32.972977547686156","1","0.0","0.0","0.0"
"CURVE 4","0.08877088463227695","26.438922512661534","19.04569009751935","0.04563433746793378","0.1382663707828047","33.045604591989516","1","0.0","0.0","0.0"
"CURVE 4","0.08877088463227695","26.438922512661534","19.04569009751935","0.045775229468274475","0.13820388585180785","33.109791442140995","1","0.0","0.0","0.0"
"CURVE 4","0.08877088463227695","26.438922512661534","19.04569009751935","0.04591517775806028","0.13814096479273552","33.16538325382676","1","0.0","0.0","0.0"
"CURVE 4","0.08877088463227695","26.438922512661534","19.04569009751935","0.046054191731694914","0.13807761329916576","33.21222992620534","1","0.0","0.0","0.0"
"CURVE 4","0.08877088463227695","26.438922512661534","19.04569009751935","0.04619228078358209","0.1380138370646766","33.25018622650993","1","0.0","0.0","0.0"
"CURVE 4","0.08877088463227695","26.438922512661534","19.04569009751935","0.046329454308125524","0.13794964178284602","33.27911203349077","1","0.0","0.0","0.0"
"CURVE 4","0.08877088463227695","26.438922512661534","19.04569009751935","0.0464657216997289","0.137885033147252","33.298872457039586","1","0.0","0.0","0.0"
"CURVE 4","0.08877088463227695","26.438922512661534","19.04569009751935","0.04660109235279596","0.13782001685147258","33.30933810525337","1","0.0","0.0","0.0"
"CURVE 4","0.08877088463227695","26.438922512661534","19.04569009751935","0.04673557566173041","0.13775459858908579","33.31038514931589","1","0.0","0.0","0.0"
"CURVE 4","0.08877088463227695","26.438922512661534","19.04569009751935","0.04686918102093597","0.13768878405366963","33.30189553057056","1","0.0","0.0","0.0"
"CURVE 4","0.08877088463227695","26.438922512661534","19.04569009751935","0.047001917824816344","0.13762257893880206","33.28375709570858","1","0.0","0.0","0.0"
"CURVE 4","0.08877088463227695","26.438922512661534","19.04569009751935","0.04713379546777527","0.13755598893806115","33.25586368469645","1","0.0","0.0","0.0"
"CURVE 4","0.08877088463227695","26.438922512661534","19.04569009751935","0.047264823344216424","0.13748901974502484","33.21811528367606","1","0.0","0.0","0.0"
"CURVE 4","0.08877088463227695","26.438922512661534","19.04569009751935","0.04739501084854354","0.13742167705327124","33.170418135802684","1","0.0","0.0","0.0"
"CURVE 4","0.08877088463227695","26.438922512661534","19.04569009751935","0.04752436737516034","0.13735396655637822","33.1126847825501","1","0.0","0.0","0.0"
"CURVE 4","0.08877088463227695","26.438922512661534","19.04569009751935","0.04765290231847052","0.13728589394792393","33.044834200258194","1","0.0","0.0","0.0"
"CURVE 4","0.08877088463227695","26.438922512661534","19.04569009751935","0.04778062507287781","0.13721746492148632","32.96679180684023","1","0.0","0.0","0.0"
"CURVE 4","0.08877088463227695","26.438922512661534","19.04569009751935","0.04790754503278591","0.13714868517064338","32.878489555424686","1","0.0","0.0","0.0"
"CURVE 4","0.08877088463227695","26.438922512661534","19.04569009751935","0.04803367159259854","0.13707956038897312","32.77986598647136","1","0.0","0.0","0.0"
"CURVE 4","0.08877088463227695","26.438922512661534","19.04569009751935","0.0481590141467194","0.1370100962700535","32.67086617340653","1","0.0","0.0","0.0"
"CURVE 4","0.08877088463227695","26.438922512661534","19.04569009751935","0.04828358208955224","0.13694029850746267","32.55144180253698","1","0.0","0.0","0.0"
"CURVE 4","0.08877088463227695","26.438922512661534","19.04569009751935","0.04840738481550075","0.13687017279477853","32.42155118595744","1","0.0","0.0","0.0"
"CURVE 4","0.08877088463227695","26.438922512661534","19.04569009751935","0.048530431718968634","0.13679972482557912","32.281159176309906","1","0.0","0.0","0.0"
"CURVE 4","0.08877088463227695","26.438922512661534","19.04569009751935","0.04865273219435963","0.13672896029344248","32.13023721894976","1","0.0","0.0","0.0"
"CURVE 4","0.08877088463227695","26.438922512661534","19.04569009751935","0.04877429563607743","0.13665788489194652","31.968763244211427","1","0.0","0.0","0.0"
"CURVE 4","0.08877088463227695","26.438922512661534","19.04569009751935","0.04889513143852575","0.1365865043146693","31.796721681185254","1","0.0","0.0","0.0"
"CURVE 4","0.08877088463227695","26.438922512661534","19.04569009751935","0.049015248996108325","0.1365148242551889","31.614103345848473","1","0.0","0.0","0.0"
"CURVE 4","0.08877088463227695","26.438922512661534","19.04569009751935","0.049134657703228855","0.1364428504070832","31.420905398962695","1","0.0","0.0","0.0"
"CURVE 4","0.08877088463227695","26.438922512661534","19.04569009751935","0.04925336695429105","0.13637058846393033","31.217131221872243","1","0.0","0.0","0.0"
"CURVE 4","0.08877088463227695","26.438922512661534","19.04569009751935","0.049371386143698626","0.1362980441193082","31.002790382256727","1","0.0","0.0","0.0"
"CURVE 4","0.08877088463227695","26.438922512661534","19.04569009751935","0.0494887246658553","0.1362252230667949","30.777898503067547","1","0.0","0.0","0.0"
"CURVE 4","0.08877088463227695","26.438922512661534","19.04569009751935","0.04960539191516478","0.1361521309999684","30.542477103341394","1","0.0","0.0","0.0"
"CURVE 4","0.08877088463227695","26.438922512661534","19.04569009751935","0.04972139728603079","0.1360787736124067","30.296553546550623","1","0.0","0.0","0.0"
"CURVE 4","0.08877088463227695","26.438922512661534","19.04569009751935","0.049836750172857026","0.1360051565976878","30.04016086203472","1","0.0","0.0","0.0"
"CURVE 4","0.08877088463227695","26.438922512661534","19.04569009751935","0.04995145997004723","0.13593128564938975","29.77333765702474","1","0.0","0.0","0.0"
"CURVE 4","0.08877088463227695","26.438922512661534","19.04569009751935","0.05006553607200509","0.13585716646109056","29.4961278885031","1","0.0","0.0","0.0"
"CURVE 4","0.08877088463227695","26.438922512661534","19.04569009751935","0.05017898787313433","0.13578280472636814","29.208580789912","1","0.0","0.0","0.0"
"CURVE 4","0.08877088463227695","26.438922512661534","19.04569009751935","0.050291824767838667","0.1357082061388006","28.910750675457315","1","0.0","0.0","0.0"
"CURVE 4","0.08877088463227695","26.438922512661534","19.04569009751935","0.05040405615052181","0.13563337639196593","28.60269680553226","1","0.0","0.0","0.0"
"CURVE 4","0.08877088463227695","26.438922512661534","19.04569009751935","0.05051569141558747","0.13555832117944214","28.284483166659648","1","0.0","0.0","0.0"
"CURVE 4","0.08877088463227695","26.438922512661534","19.04569009751935","0.05062673995743937","0.13548304619480717","27.956178350206702","1","0.0","0.0","0.0"
"CURVE 4","0.08877088463227695","26.438922512661534","19.04569009751935","0.05073721117048122","0.13540755713163913","27.617855368117272","1","0.0","0.0","0.0"
"CURVE 4","0.08877088463227695","26.438922512661534","19.04569009751935","0.050847114449116715","0.13533185968351596","27.26959145985016","1","0.0","0.0","0.0"
"CURVE 4","0.08877088463227695","26.438922512661534","19.04569009751935","0.0509564591877496","0.13525595954401573","26.911467929803354","1","0.0","0.0","0.0"
"CURVE 4","0.08877088463227695","26.438922512661534","19.04569009751935","0.051065254780783574","0.1351798624067164","26.543569958366685","1","0.0","0.0","0.0"
"CURVE 4","0.08877088463227695","26.438922512661534","19.04569009751935","0.05117351062262236","0.13510357396519596","26.16598644109711","1","0.0","0.0","0.0"
"CURVE 4","0.08877088463227695","26.438922512661534","19.04569009751935","0.05128123610766966","0.13502709991303247","25.77880977644265","1","0.0","0.0","0.0"
"CURVE 4","0.08877088463227695","26.438922512661534","19.04569009751935","0.051388440630329185","0.1349504459438039","25.382135728268995","1","1.0","1.0","1.0"
"CURVE 4","0.08877088463227695","26.438922512661534","19.04569009751935","0.05149513358500467","0.13487361775108828","24.976063202454366","1","1.0","1.0","1.0"
"CURVE 4","0.08877088463227695","26.438922512661534","19.04569009751935","0.051601324366099786","0.1347966210284636","24.560694120784287","1","1.0","1.0","1.0"
"CURVE 4","0.08877088463227695","26.438922512661534","19.04569009751935","0.0517070223680183","0.1347194614695079","24.136133220882595","1","1.0","1.0","1.0"
"CURVE 4","0.08877088463227695","26.438922512661534","19.04569009751935","0.0518122369851639","0.13464214476779915","23.70248788324053","1","1.0","1.0","1.0"
"CURVE 4","0.08877088463227695","26.438922512661534","19.04569009751935","0.0519169776119403","0.1345646766169154","23.259867989867512","1","1.0","1.0","1.0"
"CURVE 4","0.08877088463227695","26.438922512661534","19.04569009751935","0.0520212536427512","0.1344870627104346","22.808385742398883","1","1.0","1.0","1.0"
"CURVE 4","0.08877088463227695","26.438922512661534","19.04569009751935","0.05212507447200035","0.13440930874193485","22.348155503440125","1","1.0","1.0","1.0"
"CURVE 4","0.08877088463227695","26.438922512661534","19.04569009751935","0.05222844949409144","0.13433142040499407","21.87929368602511","1","1.0","1.0","1.0"
"CURVE 4","0.08877088463227695","26.438922512661534","19.04569009751935","0.05233138810342817","0.1342534033931903","21.401918569665145","1","1.0","1.0","1.0"
"CURVE 4","0.08877088463227695","26.438922512661534","19.04569009751935","0.05243389969441428","0.13417526340010152","20.916150161469115","1","1.0","1.0","1.0"
"CURVE 4","0.08877088463227695","26.438922512661534","19.04569009751935","0.05253599366145348","0.1340970061193058","20.422110101062437","1","1.0","1.0","1.0"
"CURVE 4","0.08877088463227695","26.438922512661534","19.04569009751935","0.05263767939894946","0.1340186372443811","19.919921492120547","1","1.0","1.0","1.0"
"CURVE 4","0.08877088463227695","26.438922512661534","19.04569009751935","0.052738966301305965","0.13394016246890544","19.40970882332135","1","1.0","1.0","1.0"
"CURVE 4","0.08877088463227695","26.438922512661534","19.04569009751935","0.052839863762926695","0.13386158748645685","18.89159783888957","1","1.0","1.0","1.0"
"CURVE 4","0.08877088463227695","26.438922512661534","19.04569009751935","0.05294038117821536","0.13378291799061334","18.365715422605135","1","1.0","1.0","1.0"
"CURVE 4","0.08877088463227695","26.438922512661534","19.04569009751935","0.05304052794157569","0.13370415967495286","17.83218955963109","1","1.0","1.0","1.0"
"CURVE 4","0.08877088463227695","26.438922512661534","19.04569009751935","0.05314031344741139","0.13362531823305346","17.291149191267433","1","1.0","1.0","1.0"
"CURVE 4","0.08877088463227695","26.438922512661534","19.04569009751935","0.05323974709012616","0.13354639935849316","16.74272417816568","1","1.0","1.0","1.0"
"CURVE 4","0.08877088463227695","26.438922512661534","19.04569009751935","0.05333883826412372","0.13346740874484994","16.187045189235857","1","1.0","1.0","1.0"
"CURVE 4","0.08877088463227695","26.438922512661534","19.04569009751935","0.0534375963638078","0.13338835208570182","15.624243711258899","1","1.0","1.0","1.0"
"CURVE 4","0.08877088463227695","26.438922512661534","19.04569009751935","0.05353603078358209","0.13330923507462686","15.054451969418691","1","1.0","1.0","1.0"
"CURVE 4","0.08877088463227695","26.438922512661534","19.04569009751935","0.05363415091785032","0.133230063405203","14.477802843578393","1","1.0","1.0","1.0"
"CURVE 4","0.08877088463227695","26.438922512661534","19.04569009751935","0.053731966161016206","0.13315084277100822","13.894429876490664","1","1.0","1.0","1.0"
"CURVE 4","0.08877088463227695","26.438922512661534","19.04569009751935","0.05382948590748346","0.1330715788656206","13.304467296346164","1","1.0","1.0","1.0"
"CURVE 4","0.08877088463227695","26.438922512661534","19.04569009751935","0.05392671955165578","0.13299227738261815","12.708049925842323","1","1.0","1.0","1.0"
"CURVE 4","0.08877088463227695","26.438922512661534","19.04569009751935","0.0540236764879369","0.13291294401557882","12.105313221122369","1","1.0","1.0","1.0"
"CURVE 4","0.08877088463227695","26.438922512661534","19.04569009751935","0.054120366110730525","0.13283358445808066","11.496393297836986","1","1.0","1.0","1.0"
"CURVE 4","0.08877088463227695","26.438922512661534","19.04569009751935","0.05421679781444037","0.13275420440370167","10.881426874774691","1","1.0","1.0","1.0"
"CURVE 4","0.08877088463227695","26.438922512661534","19.04569009751935","0.05431298099347015","0.13267480954601987","10.26055140548272","1","1.0","1.0","1.0"
"CURVE 4","0.08877088463227695","26.438922512661534","19.04569009751935","0.05440892504222358","0.1325954055786133","9.633904999541139","1","1.0","1.0","1.0"
"CURVE 4","0.08877088463227695","26.438922512661534","19.04569009751935","0.05450463935510437","0.13251599819505983","9.001626574059307","1","1.0","1.0","1.0"
"CURVE 4","0.08877088463227695","26.438922512661534","19.04569009751935","0.05460013332651623","0.13243659308893763","8.363855803354719","1","1.0","1.0","1.0"
"CURVE 4","0.08877088463227695","26.438922512661534","19.04569009751935","0.05469541635086287","0.1323571959538246","7.720733287972374","1","1.0","1.0","1.0"
"CURVE 4","0.08877088463227695","26.438922512661534","19.04569009751935","0.05479049782254802","0.1322778124832988","7.072400508731851","1","1.0","1.0","1.0"
"CURVE 4","0.08877088463227695","26.438922512661534","19.04569009751935","0.05488538713597539","0.13219844837093825","6.419000011175747","1","1.0","1.0","1.0"
"CURVE 4","0.08877088463227695","26.438922512661534","19.04569009751935","0.05498009368554869","0.13211910931032095","5.760675415856155","1","1.0","1.0","1.0"
"CURVE 4","0.08877088463227695","26.438922512661534","19.04569009751935","0.05507462686567164","0.13203980099502485","5.097571540604438","1","0.0","0.0","0.0"
"CURVE 4","0.08877088463227695","26.438922512661534","19.04569009751935","0.055168995252296106","0.13196052737496974","5.166279260297135","1","0.0","0.0","0.0"
"CURVE 4","0.08877088463227695","26.438922512661534","19.04569009751935","0.055263204147566615","0.13188128542544234","5.234264691210468","1","0.0","0.0","0.0"
"CURVE 4","0.08877088463227695","26.438922512661534","19.04569009751935","0.05535725803517584","0.131802070378071","5.301491653834885","1","0.0","0.0","0.0"
"CURVE 4","0.08877088463227695","26.438922512661534","19.04569009751935","0.05545116139881646","0.1317228774644842","5.367924240322803","1","0.0","0.0","0.0"
"CURVE 4","0.08877088463227695","26.438922512661534","19.04569009751935","0.05554491872218117","0.1316437019163103","5.433526870471007","1","0.0","0.0","0.0"
"CURVE 4","0.08877088463227695","26.438922512661534","19.04569009751935","0.05563853448896265","0.13156453896517775","5.498264329770231","1","0.0","0.0","0.0"
"CURVE 4","0.08877088463227695","26.438922512661534","19.04569009751935","0.055732013182853576","0.13148538384271496","5.562101804764827","1","0.0","0.0","0.0"
"CURVE 4","0.08877088463227695","26.438922512661534","19.04569009751935","0.05582535928754663","0.13140623178055036","5.6250048975611655","1","0.0","0.0","0.0"
"CURVE 4","0.08877088463227695","26.438922512661534","19.04569009751935","0.055918577286734494","0.13132707801031235","5.686939736866755","1","0.0","0.0","0.0"
"CURVE 4","0.08877088463227695","26.438922512661534","19.04569009751935","0.056011671664109856","0.13124791776362935","5.747872969772258","1","0.0","0.0","0.0"
"CURVE 4","0.08877088463227695","26.438922512661534","19.04569009751935","0.05610464690336539","0.1311687462721298","5.807771767316347","1","0.0","0.0","0.0"
"CURVE 4","0.08877088463227695","26.438922512661534","19.04569009751935","0.05619750748819379","0.13108955876744208","5.866603930910632","1","0.0","0.0","0.0"
"CURVE 4","0.08877088463227695","26.438922512661534","19.04569009751935","0.05629025790228772","0.13101035048119464","5.924337896013583","1","0.0","0.0","0.0"
"CURVE 4","0.08877088463227695","26.438922512661534","19.04569009751935","0.05638290262933987","0.1309311166450159","5.9809427398374515","1","0.0","0.0","0.0"
"CURVE 4","0.08877088463227695","26.438922512661534","19.04569009751935","0.05647544615304291","0.13085185249053424","6.036388301773715","1","0.0","0.0","0.0"
"CURVE 4","0.08877088463227695","26.438922512661534","19.04569009751935","0.05656789295708954","0.1307725532493781","6.0906451369744845","1","0.0","0.0","0.0"
"CURVE 4","0.08877088463227695","26.438922512661534","19.04569009751935","0.05666024752517244","0.13069321415317592","6.143684578156177","1","0.0","0.0","0.0"
"CURVE 4","0.08877088463227695","26.438922512661534","19.04569009751935","0.05675251434098428","0.13061383043355607","6.195478792157754","1","0.0","0.0","0.0"
"CURVE 4","0.08877088463227695","26.438922512661534","19.04569009751935","0.05684469788821775","0.13053439732214703","6.246000768108191","1","0.0","0.0","0.0"
"CURVE 4","0.08877088463227695","26.438922512661534","19.04569009751935","0.05693680265056553","0.1304549100505772","6.2952243806365695","1","0.0","0.0","0.0"
"CURVE 4","0.08877088463227695","26.438922512661534","19.04569009751935","0.05702883311172029","0.13037536385047493","6.3431244186532085","1","0.0","0.0","0.0"
"CURVE 4","0.08877088463227695","26.438922512661534","19.04569009751935","0.05712079375537473","0.13029575395346873","6.389676607062062","1","0.0","0.0","0.0"
"CURVE 4","0.08877088463227695","26.438922512661534","19.04569009751935","0.05721268906522153","0.13021607559118695","6.434857629054295","1","0.0","0.0","0.0"
"CURVE 4","0.08877088463227695","26.438922512661534","19.04569009751935","0.057304523524953355","0.13013632399525807","6.4786451519732005","1","0.0","0.0","0.0"
"CURVE 4","0.08877088463227695","26.438922512661534","19.04569009751935","0.057396301618262896","0.13005649439731048","6.521017882456443","1","0.0","0.0","0.0"
"CURVE 4","0.08877088463227695","26.438922512661534","19.04569009751935","0.05748802782884284","0.12997658202897253","6.5619555312806215","1","0.0","0.0","0.0"
"CURVE 4","0.08877088463227695","26.438922512661534","19.04569009751935","0.057579706640385864","0.12989658212187274","6.601438900874456","1","0.0","0.0","0.0"
"CURVE 4","0.08877088463227695","26.438922512661534","19.04569009751935","0.057671342536584645","0.12981648990763953","6.639449860628041","1","0.0","0.0","0.0"
"CURVE 4","0.08877088463227695","26.438922512661534","19.04569009751935","0.057762940001131885","0.12973630061790123","6.675971375340919","1","0.0","0.0","0.0"
"CURVE 4","0.08877088463227695","26.438922512661534","19.04569009751935","0.057854503517720236","0.12965600948428632","6.710987541009468","1","0.0","0.0","0.0"
"CURVE 4","0.08877088463227695","26.438922512661534","19.04569009751935","0.057946037570042394","0.12957561173842322","6.744483574088775","1","0.0","0.0","0.0"
"CURVE 4","0.08877088463227695","26.438922512661534","19.04569009751935","0.05803754664179104","0.1294951026119403","6.776445832780658","1","0.0","0.0","0.0"
"CURVE 4","0.08877088463227695","26.438922512661534","19.04569009751935","0.05812903521665885","0.12941447733646602","6.806861837878479","1","0.0","0.0","0.0"
"CURVE 4","0.08877088463227695","26.438922512661534","19.04569009751935","0.05822050777833852","0.12933373114362878","6.835720304111805","1","0.0","0.0","0.0"
"CURVE 4","0.08877088463227695","26.438922512661534","19.04569009751935","0.058311968810522724","0.129252859265057","6.863011072260939","1","0.0","0.0","0.0"
"CURVE 4","0.08877088463227695","26.438922512661534","19.04569009751935","0.058403422796904136","0.12917185693237912","6.88872521340395","1","0.0","0.0","0.0"
"CURVE 4","0.08877088463227695","26.438922512661534","19.04569009751935","0.05849487422117546","0.12909071937722355","6.912854964980023","1","0.0","0.0","0.0"
"CURVE 4","0.08877088463227695","26.438922512661534","19.04569009751935","0.058586327567029355","0.12900944183121868","6.935393751974904","1","0.0","0.0","0.0"
"CURVE 4","0.08877088463227695","26.438922512661534","19.04569009751935","0.0586777873181585","0.12892801952599295","6.956336217439089","1","0.0","0.0","0.0"
"CURVE 4","0.08877088463227695","26.438922512661534","19.04569009751935","0.0587692579582556","0.12884644769317474","6.975678178865809","1","0.0","0.0","0.0"
"CURVE 4","0.08877088463227695","26.438922512661534","19.04569009751935","0.058860743971013305","0.1287647215643926","6.993416652055875","1","0.0","0.0","0.0"
"CURVE 4","0.08877088463227695","26.438922512661534","19.04569009751935","0.05895224984012433","0.12868283637127473","7.0095498471761815","1","0.0","0.0","0.0"
"CURVE 4","0.08877088463227695","26.438922512661534","19.04569009751935","0.05904378004928133","0.12860078734544972","7.024077157352132","1","0.0","0.0","0.0"
"CURVE 4","0.08877088463227695","26.438922512661534","19.04569009751935","0.059135339082177","0.12851856971854592","7.036999122718768","1","0.0","0.0","0.0"
"CURVE 4","0.08877088463227695","26.438922512661534","19.04569009751935","0.05922693142250403","0.1284361787221918","7.048317506904454","1","0.0","0.0","0.0"
"CURVE 4","0.08877088463227695","26.438922512661534","19.04569009751935","0.05931856155395508","0.1283536095880157","7.058035191143838","1","0.0","0.0","0.0"
"CURVE 4","0.08877088463227695","26.438922512661534","19.04569009751935","0.05941023396022284","0.12827085754764614","7.066156214663528","1","0.0","0.0","0.0"
"CURVE 4","0.08877088463227695","26.438922512661534","19.04569009751935","0.059501953125","0.12818791783271144","7.072685758589681","1","0.0","0.0","0.0"
"CURVE 4","0.08877088463227695","26.438922512661534","19.04569009751935","0.05959372353197924","0.12810478567484007","7.077630115299849","1","0.0","0.0","0.0"
"CURVE 4","0.08877088463227695","26.438922512661534","19.04569009751935","0.059685549664853225","0.12802145630566042","7.080996657757133","1","0.0","0.0","0.0"
"CURVE 4","0.08877088463227695","26.438922512661534","19.04569009751935","0.05977743600731466","0.12793792495680095","7.082793887438166","1","0.0","0.0","0.0"
"CURVE 4","0.08877088463227695","26.438922512661534","19.04569009751935","0.05986938704305621","0.12785418685989","7.083031343879266","1","0.0","0.0","0.0"
"CURVE 4","0.08877088463227695","26.438922512661534","19.04569009751935","0.05996140725577056","0.12777023724655606","7.081719620191525","1","0.0","0.0","0.0"
"CURVE 4","0.08877088463227695","26.438922512661534","19.04569009751935","0.060053501129150394","0.12768607134842752","7.078870324098303","1","0.0","0.0","0.0"
"CURVE 4","0.08877088463227695","26.438922512661534","19.04569009751935","0.060145673146888394","0.12760168439713282","7.074496079868074","1","0.0","0.0","0.0"
"CURVE 4","0.08877088463227695","26.438922512661534","19.04569009751935","0.06023792779267723","0.12751707162430037","7.06861047184149","1","0.0","0.0","0.0"
"CURVE 4","0.08877088463227695","26.438922512661534","19.04569009751935","0.060330269550209606","0.1274322282615586","7.061228051455452","1","0.0","0.0","0.0"
"CURVE 4","0.08877088463227695","26.438922512661534","19.04569009751935","0.060422702903178194","0.12734714954053583","7.052364296217903","1","0.0","0.0","0.0"
"CURVE 4","0.08877088463227695","26.438922512661534","19.04569009751935","0.06051523233527567","0.12726183069286062","7.042035565412138","1","0.0","0.0","0.0"
"CURVE 4","0.08877088463227695","26.438922512661534","19.04569009751935","0.060607862330194724","0.12717626695016132","7.030259112922705","1","0.0","0.0","0.0"
"CURVE 4","0.08877088463227695","26.438922512661534","19.04569009751935","0.06070059737162802","0.1270904535440663","7.017053022986953","1","0.0","0.0","0.0"
"CURVE 4","0.08877088463227695","26.438922512661534","19.04569009751935","0.060793441943268266","0.1270043857062041","7.002436177136301","1","0.0","0.0","0.0"
"CURVE 4","0.08877088463227695","26.438922512661534","19.04569009751935","0.06088640052880813","0.126918058668203","6.986428275077357","1","1.0","1.0","1.0"
"CURVE 4","0.08877088463227695","26.438922512661534","19.04569009751935","0.0609794776119403","0.12683146766169154","6.969049751416882","1","1.0","1.0","1.0"
"CURVE 4","0.08877088463227695","26.438922512661534","19.04569009751935","0.06107267767635744","0.12674460791829806","6.950321750955595","1","1.0","1.0","1.0"
"CURVE 4","0.08877088463227695","26.438922512661534","19.04569009751935","0.061166005205752244","0.12665747466965102","6.930266124175549","1","1.0","1.0","1.0"
"CURVE 4","0.08877088463227695","26.438922512661534","19.04569009751935","0.0612594646838174","0.1265700631473788","6.908905368572681","1","1.0","1.0","1.0"
"CURVE 4","0.08877088463227695","26.438922512661534","19.04569009751935","0.06135306059424557","0.12648236858310982","6.8862626029793415","1","1.0","1.0","1.0"
"CURVE 4","0.08877088463227695","26.438922512661534","19.04569009751935","0.061446797420729456","0.12639438620847257","6.862361550322401","1","1.0","1.0","1.0"
"CURVE 4","0.08877088463227695","26.438922512661534","19.04569009751935","0.06154067964696172","0.1263061112550954","6.8372264819214426","1","1.0","1.0","1.0"
"CURVE 4","0.08877088463227695","26.438922512661534","19.04569009751935","0.06163471175663507","0.1262175389546067","6.810882189769867","1","1.0","1.0","1.0"
"CURVE 4","0.08877088463227695","26.438922512661534","19.04569009751935","0.061728898233442166","0.12612866453863494","6.783353969950887","1","1.0","1.0","1.0"
"CURVE 4","0.08877088463227695","26.438922512661534","19.04569009751935","0.06182324356107569","0.12603948323880854","6.754667563778607","1","1.0","1.0","1.0"
"CURVE 4","0.08877088463227695","26.438922512661534","19.04569009751935","0.061917752223228345","0.1259499902867559","6.724849134476068","1","0.0","0.0","0.0"
"CURVE 4","0.08877088463227695","26.438922512661534","19.04569009751935","0.062012428703592776","0.12586018091410545","6.693925249569353","1","0.0","0.0","0.0"
"CURVE 4","0.08877088463227695","26.438922512661534","19.04569009751935","0.0621072774858617","0.12577005035248562","6.6619228237325485","1","0.0","0.0","0.0"
"CURVE 4","0.08877088463227695","26.438922512661534","19.04569009751935","0.062202303053727794","0.12567959383352478","6.628869093195563","1","0.0","0.0","0.0"
"CURVE 4","0.08877088463227695","26.438922512661534","19.04569009751935","0.062297509890883715","0.12558880658885138","6.594791597164527","1","0.0","0.0","0.0"
"CURVE 4","0.08877088463227695","26.438922512661534","19.04569009751935","0.06239290248102217","0.12549768385009386","6.559718116383376","1","0.0","0.0","0.0"
"CURVE 4","0.08877088463227695","26.438922512661534","19.04569009751935","0.062488485307835816","0.1254062208488806","6.523676675440642","1","0.0","0.0","0.0"
"CURVE 4","0.08877088463227695","26.438922512661534","19.04569009751935","0.06258426285501736","0.12531441281684003","6.486695475142832","1","0.0","0.0","0.0"
"CURVE 4","0.08877088463227695","26.438922512661534","19.04569009751935","0.06268023960625947","0.12522225498560055","6.448802902093119","1","0.0","0.0","0.0"
"CURVE 4","0.08877088463227695","26.438922512661534","19.04569009751935","0.06277642004525484","0.1251297425867906","6.410027451535281","1","0.0","0.0","0.0"
"CURVE 4","0.08877088463227695","26.438922512661534","19.04569009751935","0.06287280865569614","0.12503687085203863","6.370397729818301","1","0.0","0.0","0.0"
"CURVE 4","0.08877088463227695","26.438922512661534","19.04569009751935","0.06296940992127603","0.12494363501297301","6.329942423811815","1","0.0","0.0","0.0"
"CURVE 4","0.08877088463227695","26.438922512661534","19.04569009751935","0.06306622832568723","0.12485003030122216","6.288690245064664","1","0.0","0.0","0.0"
"CURVE 4","0.08877088463227695","26.438922512661534","19.04569009751935","0.06316326835262241","0.12475605194841452","6.246669939745205","1","0.0","0.0","0.0"
"CURVE 4","0.08877088463227695","26.438922512661534","19.04569009751935","0.06326053448577426","0.12466169518617849","6.203910221697254","1","0.0","0.0","0.0"
"CURVE 4","0.08877088463227695","26.438922512661534","19.04569009751935","0.06335803120883543","0.1245669552461425","6.1604397730763125","1","0.0","0.0","0.0"
"CURVE 4","0.08877088463227695","26.438922512661534","19.04569009751935","0.06345576300549863","0.12447182735993495","6.116287211938033","1","0.0","0.0","0.0"
"CURVE 4","0.08877088463227695","26.438922512661534","19.04569009751935","0.06355373435945653","0.12437630675918428","6.0714810493012665","1","0.0","0.0","0.0"
"CURVE 4","0.08877088463227695","26.438922512661534","19.04569009751935","0.06365194975440182","0.1242803886755189","6.026049693544804","1","0.0","0.0","0.0"
"CURVE 4","0.08877088463227695","26.438922512661534","19.04569009751935","0.06375041367402717","0.12418406834056722","5.980021398268689","1","0.0","0.0","0.0"
"CURVE 4","0.08877088463227695","26.438922512661534","19.04569009751935","0.06384913060202527","0.12408734098595767","5.93342425673311","1","0.0","0.0","0.0"
"CURVE 4","0.08877088463227695","26.438922512661534","19.04569009751935","0.06394810502208881","0.12399020184331866","5.886286175883157","1","0.0","0.0","0.0"
"CURVE 4","0.08877088463227695","26.438922512661534","19.04569009751935","0.06404734141791045","0.1238926461442786","5.838634838879763","1","0.0","0.0","0.0"
"CURVE 4","0.08877088463227695","26.438922512661534","19.04569009751935","0.06414684427318289","0.12379466912046592","5.790497722350931","1","0.0","0.0","0.0"
"CURVE 4","0.08877088463227695","26.438922512661534","19.04569009751935","0.06424661807159879","0.12369626600350905","5.74190202199032","1","0.0","0.0","0.0"
"CURVE 4","0.08877088463227695","26.438922512661534","19.04569009751935","0.06434666729685086","0.1235974320250364","5.692874687390708","1","0.0","0.0","0.0"
"CURVE 4","0.08877088463227695","26.438922512661534","19.04569009751935","0.06444699643263176","0.12349816241667637","5.6434423730128565","1","0.0","0.0","0.0"
"CURVE 4","0.08877088463227695","26.438922512661534","19.04569009751935","0.06454760996263419","0.1233984524100574","5.593631416476505","1","0.0","0.0","0.0"
"CURVE 4","0.08877088463227695","26.438922512661534","19.04569009751935","0.0646485123705508","0.12329829723680788","5.543467848007428","1","0.0","0.0","0.0"
"CURVE 4","0.08877088463227695","26.438922512661534","19.04569009751935","0.0647497081400743","0.12319769212855627","5.492977348903836","1","0.0","0.0","0.0"
"CURVE 4","0.08877088463227695","26.438922512661534","19.04569009751935","0.06485120175489738","0.12309663231693097","5.44218524746949","1","0.0","0.0","0.0"
"CURVE 4","0.08877088463227695","26.438922512661534","19.04569009751935","0.0649529976987127","0.1229951130335604","5.391116509178553","1","0.0","0.0","0.0"
"CURVE 4","0.08877088463227695","26.438922512661534","19.04569009751935","0.06505510045521294","0.12289312951007293","5.3397957291551945","1","0.0","0.0","0.0"
"CURVE 4","0.08877088463227695","26.438922512661534","19.04569009751935","0.06515751450809079","0.12279067697809704","5.288247085150877","1","0.0","0.0","0.0"
"CURVE 4","0.08877088463227695","26.438922512661534","19.04569009751935","0.06526024434103894","0.12268775066926112","5.2364943735241996","1","0.0","0.0","0.0"
"CURVE 4","0.08877088463227695","26.438922512661534","19.04569009751935","0.06536329443775006","0.12258434581519359","5.184560966919712","1","0.0","0.0","0.0"
"CURVE 4","0.08877088463227695","26.438922512661534","19.04569009751935","0.06546666928191684","0.12248045764752288","5.132469810120357","1","0.0","0.0","0.0"
"CURVE 4","0.08877088463227695","26.438922512661534","19.04569009751935","0.06557037335723194","0.1223760813978774","5.080243422756314","1","0.0","0.0","0.0"
"CURVE 4","0.08877088463227695","26.438922512661534","19.04569009751935","0.06567441114738808","0.12227121229788557","5.027903888316232","1","0.0","0.0","0.0"
"CURVE 4","0.08877088463227695","26.438922512661534","19.04569009751935","0.0657787871360779","0.1221658455791758","4.975472827703261","1","0.0","0.0","0.0"
"CURVE 4","0.08877088463227695","26.438922512661534","19.04569009751935","0.06588350580699409","0.1220599764733765","4.922971408740022","1","0.0","0.0","0.0"
"CURVE 4","0.08877088463227695","26.438922512661534","19.04569009751935","0.06598857164382937","0.12195360021211613","4.870420349013053","1","0.0","0.0","0.0"
"CURVE 4","0.08877088463227695","26.438922512661534","19.04569009751935","0.06609398913027636","0.12184671202702307","4.817839892916246","1","0.0","0.0","0.0"
"CURVE 4","0.08877088463227695","26.438922512661534","19.04569009751935","0.0661997627500278","0.12173930714972576","4.765249816388463","1","0.0","0.0","0.0"
"CURVE 4","0.08877088463227695","26.438922512661534","19.04569009751935","0.06630589698677633","0.1216313808118526","4.7126694190292255","1","0.0","0.0","0.0"
"CURVE 4","0.08877088463227695","26.438922512661534","19.04569009751935","0.06641239632421465","0.12152292824503201","4.660117525394568","1","0.0","0.0","0.0"
"CURVE 4","0.08877088463227695","26.438922512661534","19.04569009751935","0.06651926524603546","0.12141394468089241","4.60761247903408","1","0.0","0.0","0.0"
"CURVE 4","0.08877088463227695","26.438922512661534","19.04569009751935","0.06662650823593141","0.12130442535106221","4.555172148413066","1","0.0","0.0","0.0"
"CURVE 4","0.08877088463227695","26.438922512661534","19.04569009751935","0.06673412977759519","0.12119436548716984","4.502813903113646","1","0.0","0.0","0.0"
"CURVE 4","0.08877088463227695","26.438922512661534","19.04569009751935","0.06684213435471946","0.12108376032084374","4.450554650856926","1","0.0","0.0","0.0"
"CURVE 4","0.08877088463227695","26.438922512661534","19.04569009751935","0.06695052645099696","0.1209726050837123","4.398410806680657","1","0.0","0.0","0.0"
"CURVE 4","0.08877088463227695","26.438922512661534","19.04569009751935","0.06705931055012034","0.12086089500740393","4.3463983010665395","1","0.0","0.0","0.0"
"CURVE 4","0.08877088463227695","26.438922512661534","19.04569009751935","0.06716849113578226","0.12074862532354706","4.294532583801487","1","0.0","0.0","0.0"
"CURVE 4","0.08877088463227695","26.438922512661534","19.04569009751935","0.06727807269167543","0.12063579126377011","4.242828627594553","1","0.0","0.0","0.0"
"CURVE 4","0.08877088463227695","26.438922512661534","19.04569009751935","0.06738805970149254","0.12052238805970149","4.1913009308992235","1","0.0","0.0","0.0"
"CURVE 4","0.08877088463227695","26.438922512661534","19.04569009751935","0.06749845714711432","0.1204084146912418","3.4383755962717517","1","0.0","0.0","0.0"
"CURVE 4","0.08877088463227695","26.438922512661534","19.04569009751935","0.06760927200317383","0.12029388513138045","2.70205791120999","1","0.0","0.0","0.0"
"CURVE 4","0.08877088463227695","26.438922512661534","19.04569009751935","0.06772051174249222","0.12017881710137893","1.9816627154572133","1","0.0","0.0","0.0"
"CURVE 4","0.08877088463227695","26.438922512661534","19.04569009751935","0.06783218383789062","0.12006322832249881","1.2765315567369793","1","0.0","0.0","0.0"
"CURVE 4","0.08877088463227695","26.438922512661534","19.04569009751935","0.06794429576219017","0.11994713651600168","0.5860317298732566","1","0.0","0.0","0.0"
"CURVE 4","0.08877088463227695","26.438922512661534","19.04569009751935","0.068056854988212","0.11983055940314905","0.09044460091570665","-1","0.0","0.0","0.0"
"CURVE 4","0.08877088463227695","26.438922512661534","19.04569009751935","0.06816986898877726","0.11971351470520246","0.7534813163781423","-1","0.0","0.0","0.0"
"CURVE 4","0.08877088463227695","26.438922512661534","19.04569009751935","0.06828334523670708","0.11959602014342349","1.4036391894889435","-1","0.0","0.0","0.0"
"CURVE 4","0.08877088463227695","26.438922512661534","19.04569009751935","0.06839729120482257","0.11947809343907369","2.0414566918270025","-1","0.0","0.0","0.0"
"CURVE 4","0.08877088463227695","26.438922512661534","19.04569009751935","0.06851171436594493","0.1193597523134146","2.667450819792543","-1","0.0","0.0","0.0"
"CURVE 4","0.08877088463227695","26.438922512661534","19.04569009751935","0.06862662219289523","0.11924101448770777","3.282117837792764","-1","0.0","0.0","0.0"
"CURVE 4","0.08877088463227695","26.438922512661534","19.04569009751935","0.06874202215849462","0.11912189768321477","3.8859340325604412","-1","0.0","0.0","0.0"
"CURVE 4","0.08877088463227695","26.438922512661534","19.04569009751935","0.06885792173556426","0.11900241962119713","4.479356403274382","-1","0.0","0.0","0.0"
"CURVE 4","0.08877088463227695","26.438922512661534","19.04569009751935","0.06897432839692527","0.1188825980229164","5.0628233574021335","-1","0.0","0.0","0.0"
"CURVE 4","0.08877088463227695","26.438922512661534","19.04569009751935","0.0690912496153988","0.11876245060963415","5.636755341218032","-1","0.0","0.0","0.0"
"CURVE 4","0.08877088463227695","26.438922512661534","19.04569009751935","0.06920869286380596","0.11864199510261193","6.201555489546503","-1","0.0","0.0","0.0"
"CURVE 4","0.08877088463227695","26.438922512661534","19.04569009751935","0.0693266656149679","0.11852124922311126","6.757610180265939","-1","0.0","0.0","0.0"
"CURVE 4","0.08877088463227695","26.438922512661534","19.04569009751935","0.06944517534170576","0.11840023069239373","7.305289636286498","-1","0.0","0.0","0.0"
"CURVE 4","0.08877088463227695","26.438922512661534","19.04569009751935","0.0695642295168407","0.11827895723172088","7.84494845248394","-1","0.0","0.0","0.0"
"CURVE 4","0.08877088463227695","26.438922512661534","19.04569009751935","0.0696838356131938","0.11815744656235425","8.376926102160146","-1","0.0","0.0","0.0"
"CURVE 4","0.08877088463227695","26.438922512661534","19.04569009751935","0.06980400110358621","0.11803571640555538","8.901547449046951","-1","0.0","0.0","0.0"
"CURVE 4","0.08877088463227695","26.438922512661534","19.04569009751935","0.0699247334608391","0.11791378448258584","9.419123185345473","-1","0.0","0.0","0.0"
"CURVE 4","0.08877088463227695","26.438922512661534","19.04569009751935","0.0700460401577736","0.11779166851470717","9.92995029693851","-1","0.0","0.0","0.0"
"CURVE 4","0.08877088463227695","26.438922512661534","19.04569009751935","0.07016792866721082","0.11766938622318095","10.434312472156586","-1","0.0","0.0","0.0"
"CURVE 4","0.08877088463227695","26.438922512661534","19.04569009751935","0.0702904064619719","0.1175469553292687","10.932480495225873","-1","0.0","0.0","0.0"
"CURVE 4","0.08877088463227695","26.438922512661534","19.04569009751935","0.07041348101487799","0.11742439355423198","11.424712632965427","-1","0.0","0.0","0.0"
"CURVE 4","0.08877088463227695","26.438922512661534","19.04569009751935","0.07053715979875023","0.11730171861933236","11.911254975074511","-1","0.0","0.0","0.0"
"CURVE 4","0.08877088463227695","26.438922512661534","19.04569009751935","0.07066145028640974","0.11717894824583137","12.392341794015183","-1","0.0","0.0","0.0"
"CURVE 4","0.08877088463227695","26.438922512661534","19.04569009751935","0.07078635995067768","0.11705610015499057","12.868195828487437","-1","0.0","0.0","0.0"
"CURVE 4","0.08877088463227695","26.438922512661534","19.04569009751935","0.07091189626437515","0.11693319206807151","13.33902860034475","-1","0.0","0.0","0.0"
"CURVE 4","0.08877088463227695","26.438922512661534","19.04569009751935","0.0710380667003233","0.11681024170633572","13.80504070331646","-1","0.0","0.0","0.0"
"CURVE 4","0.08877088463227695","26.438922512661534","19.04569009751935","0.07116487873134328","0.11668726679104478","14.26642205147724","-1","0.0","0.0","0.0"
"CURVE 4","0.08877088463227695","26.438922512661534","19.04569009751935","0.07129233983025622","0.11656428504346023","14.72335212379348","-1","0.0","0.0","0.0"
"CURVE 4","0.08877088463227695","26.438922512661534","19.04569009751935","0.07142045746988325","0.1164413141848436","15.176000208058069","-1","0.0","0.0","0.0"
"CURVE 4","0.08877088463227695","26.438922512661534","19.04569009751935","0.0715492391230455","0.11631837193645649","15.624525614414194","-1","0.0","0.0","0.0"
"CURVE 4","0.08877088463227695","26.438922512661534","19.04569009751935","0.07167869226256414","0.1161954760195604","16.069077860617227","-1","0.0","0.0","0.0"
"CURVE 4","0.08877088463227695","26.438922512661534","19.04569009751935","0.07180882436126027","0.11607264415541693","16.50979689713028","-1","0.0","0.0","0.0"
"CURVE 4","0.08877088463227695","26.438922512661534","19.04569009751935","0.07193964289195502","0.11594989406528756","16.94681325062864","-1","0.0","0.0","0.0"
"CURVE 4","0.08877088463227695","26.438922512661534","19.04569009751935","0.07207115532746958","0.11582724347043392","17.380248202690815","-1","0.0","0.0","0.0"
"CURVE 4","0.08877088463227695","26.438922512661534","19.04569009751935","0.072203369140625","0.11570471009211752","17.81021393249572","-1","0.0","0.0","0.0"
"CURVE 4","0.08877088463227695","26.438922512661534","19.04569009751935","0.07233629180424249","0.11558231165159993","18.236813681220468","-1","0.0","0.0","0.0"
"CURVE 4","0.08877088463227695","26.438922512661534","19.04569009751935","0.07246993079114315","0.11546006587014271","18.660141869365592","-1","0.0","0.0","0.0"
"CURVE 4","0.08877088463227695","26.438922512661534","19.04569009751935","0.07260429357414815","0.11533799046900735","19.080284210898135","-1","0.0","0.0","0.0"
"CURVE 4","0.08877088463227695","26.438922512661534","19.04569009751935","0.07273938762607858","0.11521610316945546","19.49731784355739","-1","0.0","0.0","0.0"
"CURVE 4","0.08877088463227695","26.438922512661534","19.04569009751935","0.07287522041975562","0.11509442169274857","19.911311434055","-1","0.0","0.0","0.0"
"CURVE 4","0.08877088463227695","26.438922512661534","19.04569009751935","0.07301179942800039","0.11497296376014823","20.322325269492318","-1","0.0","0.0","0.0"
"CURVE 4","0.08877088463227695","26.438922512661534","19.04569009751935","0.07314913212363401","0.11485174709291601","20.73041135673838","-1","0.0","0.0","0.0"
"CURVE 4","0.08877088463227695","26.438922512661534","19.04569009751935","0.07328722597947761","0.11473078941231343","21.13561351193981","-1","0.0","0.0","0.0"
"CURVE 4","0.08877088463227695","26.438922512661534","19.04569009751935","0.07342608846835236","0.11461010843960205","21.537967431212657","-1","0.0","0.0","0.0"
"CURVE 4","0.08877088463227695","26.438922512661534","19.04569009751935","0.07356572706307939","0.11448972189604345","21.93750077592088","-1","0.0","0.0","0.0"
"CURVE 4","0.08877088463227695","26.438922512661534","19.04569009751935","0.0737061492364798","0.11436964750289917","22.334233254089057","-1","0.0","0.0","0.0"
"CURVE 4","0.08877088463227695","26.438922512661534","19.04569009751935","0.07384736246137477","0.11424990298143073","22.728176678534393","-1","0.0","0.0","0.0"
"CURVE 4","0.08877088463227695","26.438922512661534","19.04569009751935","0.07398937421058542","0.1141305060528997","23.11933503952311","-1","0.0","0.0","0.0"
"CURVE 4","0.08877088463227695","26.438922512661534","19.04569009751935","0.07413219195693287","0.11401147443856766","23.50770458446499","-1","0.0","0.0","0.0"
"CURVE 4","0.08877088463227695","26.438922512661534","19.04569009751935","0.07427582317323828","0.11389282585969614","23.89327385833644","-1","0.0","0.0","0.0"
"CURVE 4","0.08877088463227695","26.438922512661534","19.04569009751935","0.07442027533232277","0.11377457803754665","24.27602380117074","-1","0.0","0.0","0.0"
"CURVE 4","0.08877088463227695","26.438922512661534","19.04569009751935","0.07456555590700747","0.1136567486933808","24.655927794878867","-1","0.0","0.0","0.0"
"CURVE 4","0.08877088463227695","26.438922512661534","19.04569009751935","0.07471167237011354","0.1135393555484601","25.032951738162847","-1","0.0","0.0","0.0"
"CURVE 4","0.08877088463227695","26.438922512661534","19.04569009751935","0.07485863219446211","0.11342241632404614","25.40705412559086","-1","0.0","0.0","0.0"
"CURVE 4","0.08877088463227695","26.438922512661534","19.04569009751935","0.0750064428528743","0.11330594874140043","25.778186115240548","-1","0.0","0.0","0.0"
"CURVE 4","0.08877088463227695","26.438922512661534","19.04569009751935","0.07515511181817126","0.11318997052178455","26.14629161031871","-1","0.0","0.0","0.0"
"CURVE 4","0.08877088463227695","26.438922512661534","19.04569009751935","0.07530464656317412","0.11307449938646004","26.511307331213487","-1","0.0","0.0","0.0"
"CURVE 4","0.08877088463227695","26.438922512661534","19.04569009751935","0.07545505456070402","0.11295955305668846","26.873162938217448","-1","1.0","1.0","1.0"
"CURVE 4","0.08877088463227695","26.438922512661534","19.04569009751935","0.0756063432835821","0.11284514925373135","27.231781087766013","-1","1.0","1.0","1.0"
"CURVE 4","0.08877088463227695","26.438922512661534","19.04569009751935","0.07575852020462946","0.11273130569885026","27.587077563660166","-1","1.0","1.0","1.0"
"CURVE 4","0.08877088463227695","26.438922512661534","19.04569009751935","0.07591159279666732","0.11261804011330677","27.938961381386907","-1","1.0","1.0","1.0"
"CURVE 4","0.08877088463227695","26.438922512661534","19.04569009751935","0.07606556853251673","0.1125053702183624","28.28733489682418","-1","1.0","1.0","1.0"
"CURVE 4","0.08877088463227695","26.438922512661534","19.04569009751935","0.07622045488499885","0.1123933137352787","28.632093946640865","-1","1.0","1.0","1.0"
"CURVE 4","0.08877088463227695","26.438922512661534","19.04569009751935","0.07637625932693481","0.11228188838531722","28.97312798980144","-1","1.0","1.0","1.0"
"CURVE 4","0.08877088463227695","26.438922512661534","19.04569009751935","0.07653298933114579","0.11217111188973954","29.310320265469414","-1","1.0","1.0","1.0"
"CURVE 4","0.08877088463227695","26.438922512661534","19.04569009751935","0.07669065237045289","0.1120610019698072","29.64354792482666","-1","1.0","1.0","1.0"
"CURVE 4","0.08877088463227695","26.438922512661534","19.04569009751935","0.07684925591767724","0.11195157634678173","29.97268223783267","-1","1.0","1.0","1.0"
"CURVE 4","0.08877088463227695","26.438922512661534","19.04569009751935","0.07700880744564","0.11184285274192471","30.29758877454636","-1","0.0","0.0","0.0"
"CURVE 4","0.08877088463227695","26.438922512661534","19.04569009751935","0.07716931442716228","0.11173484887649765","30.618127596535345","-1","0.0","0.0","0.0"
"CURVE 4","0.08877088463227695","26.438922512661534","19.04569009751935","0.07733078433506525","0.11162758247176215","30.934153480499376","-1","0.0","0.0","0.0"
"CURVE 4","0.08877088463227695","26.438922512661534","19.04569009751935","0.07749322464217002","0.11152107124897973","31.245516154642026","-1","0.0","0.0","0.0"
"CURVE 4","0.08877088463227695","26.438922512661534","19.04569009751935","0.07765664282129772","0.11141533292941194","31.552060530602304","-1","0.0","0.0","0.0"
"CURVE 4","0.08877088463227695","26.438922512661534","19.04569009751935","0.07782104634526951","0.11131038523432037","31.853626965551335","-1","0.0","0.0","0.0"
"CURVE 4","0.08877088463227695","26.438922512661534","19.04569009751935","0.0779864426869065","0.11120624588496651","32.15005156460113","-1","0.0","0.0","0.0"
"CURVE 4","0.08877088463227695","26.438922512661534","19.04569009751935","0.07815283931902986","0.11110293260261196","32.44116644375496","-1","0.0","0.0","0.0"
"CURVE 4","0.08877088463227695","26.438922512661534","19.04569009751935","0.07832024371446067","0.11100046310851824","32.72680005464227","-1","0.0","0.0","0.0"
"CURVE 4","0.08877088463227695","26.438922512661534","19.04569009751935","0.07848866334602014","0.11089885512394693","33.00677750423005","-1","0.0","0.0","0.0"
"CURVE 4","0.08877088463227695","26.438922512661534","19.04569009751935","0.07865810568652935","0.11079812637015957","33.28092090756267","-1","0.0","0.0","0.0"
"CURVE 4","0.08877088463227695","26.438922512661534","19.04569009751935","0.07882857820880947","0.11069829456841769","33.54904974295718","-1","0.0","0.0","0.0"
"CURVE 4","0.08877088463227695","26.438922512661534","19.04569009751935","0.07900008838568161","0.1105993774399829","33.81098121614054","-1","0.0","0.0","0.0"
"CURVE 4","0.08877088463227695","26.438922512661534","19.04569009751935","0.07917264368996692","0.11050139270611667","34.06653066995235","-1","0.0","0.0","0.0"
"CURVE 4","0.08877088463227695","26.438922512661534","19.04569009751935","0.07934625159448652","0.11040435808808059","34.315511977317996","-1","0.0","0.0","0.0"
"CURVE 4","0.08877088463227695","26.438922512661534","19.04569009751935","0.07952091957206157","0.11030829130713622","34.55773797294102","-1","0.0","0.0","0.0"
"CURVE 4","0.08877088463227695","26.438922512661534","19.04569009751935","0.0796966550955132","0.1102132100845451","34.79302088543036","-1","0.0","0.0","0.0"
"CURVE 4","0.08877088463227695","26.438922512661534","19.04569009751935","0.07987346563766252","0.11011913214156879","35.0211727765371","-1","0.0","0.0","0.0"
"CURVE 4","0.08877088463227695","26.438922512661534","19.04569009751935","0.08005135867133069","0.11002607519946883","35.24200603630146","-1","0.0","0.0","0.0"
"CURVE 4","0.08877088463227695","26.438922512661534","19.04569009751935","0.08023034166933886","0.10993405697950678","35.45533382290227","-1","1.0","1.0","1.0"
"CURVE 4","0.08877088463227695","26.438922512661534","19.04569009751935","0.08041042210450813","0.10984309520294418","35.66097057004977","-1","1.0","1.0","1.0"
"CURVE 4","0.08877088463227695","26.438922512661534","19.04569009751935","0.08059160744965968","0.1097532075910426","35.85873247683154","-1","1.0","1.0","1.0"
"CURVE 4","0.08877088463227695","26.438922512661534","19.04569009751935","0.0807739051776146","0.1096644118650636","36.048438013974085","-1","1.0","1.0","1.0"
"CURVE 4","0.08877088463227695","26.438922512661534","19.04569009751935","0.08095732276119404","0.10957672574626867","36.229908430401","-1","1.0","1.0","1.0"
"CURVE 4","0.08877088463227695","26.438922512661534","19.04569009751935","0.08114186767321914","0.10949016695591943","36.40296827950233","-1","0.0","0.0","0.0"
"CURVE 4","0.08877088463227695","26.438922512661534","19.04569009751935","0.08132754738651106","0.10940475321527739","36.56744593494309","-1","0.0","0.0","0.0"
"CURVE 4","0.08877088463227695","26.438922512661534","19.04569009751935","0.08151436937389091","0.10932050224560412","36.723174111931876","-1","0.0","0.0","0.0"
"CURVE 4","0.08877088463227695","26.438922512661534","19.04569009751935","0.08170234110817981","0.10923743176816116","36.869990397648074","-1","0.0","0.0","0.0"
"CURVE 4","0.08877088463227695","26.438922512661534","19.04569009751935","0.08189147006219892","0.10915555950421006","37.00773776632335","-1","0.0","0.0","0.0"
"CURVE 4","0.08877088463227695","26.438922512661534","19.04569009751935","0.0820817637087694","0.1090749031750124","37.13626510507207","-1","0.0","0.0","0.0"
"CURVE 4","0.08877088463227695","26.438922512661534","19.04569009751935","0.08227322952071234","0.1089954805018297","37.255427720598064","-1","0.0","0.0","0.0"
"CURVE 4","0.08877088463227695","26.438922512661534","19.04569009751935","0.08246587497084888","0.10891730920592352","37.36508785133748","-1","0.0","0.0","0.0"
"CURVE 4","0.08877088463227695","26.438922512661534","19.04569009751935","0.08265970753200019","0.1088404070085554","37.465115157197026","-1","0.0","0.0","0.0"
"CURVE 4","0.08877088463227695","26.438922512661534","19.04569009751935","0.0828547346769874","0.10876479163098692","37.55538721092615","-1","0.0","0.0","0.0"
"CURVE 4","0.08877088463227695","26.438922512661534","19.04569009751935","0.0830509638786316","0.10869048079447959","37.635789959624645","-1","0.0","0.0","0.0"
"CURVE 4","0.08877088463227695","26.438922512661534","19.04569009751935","0.08324840260975398","0.10861749222029501","37.70621818784194","-1","0.0","0.0","0.0"
"CURVE 4","0.08877088463227695","26.438922512661534","19.04569009751935","0.08344705834317565","0.1085458436296947","37.766575945362256","-1","0.0","0.0","0.0"
"CURVE 4","0.08877088463227695","26.438922512661534","19.04569009751935","0.08364693855171774","0.1084755527439402","37.81677696290668","-1","0.0","0.0","0.0"
"CURVE 4","0.08877088463227695","26.438922512661534","19.04569009751935","0.08384805070820142","0.10840663728429309","37.85674505185398","-1","0.0","0.0","0.0"
"CURVE 4","0.08877088463227695","26.438922512661534","19.04569009751935","0.08405040228544777","0.10833911497201491","37.886414466392296","-1","0.0","0.0","0.0"
"CURVE 4","0.08877088463227695","26.438922512661534","19.04569009751935","0.08425400075627798","0.10827300352836722","37.905730240452655","-1","0.0","0.0","0.0"
"CURVE 4","0.08877088463227695","26.438922512661534","19.04569009751935","0.08445885359351317","0.10820832067461154","37.91464850387519","-1","0.0","0.0","0.0"
"CURVE 4","0.08877088463227695","26.438922512661534","19.04569009751935","0.08466496826997445","0.10814508413200946","37.91313677053494","-1","0.0","0.0","0.0"
"CURVE 4","0.08877088463227695","26.438922512661534","19.04569009751935","0.084872352258483","0.10808331162182251","37.90117418152044","-1","0.0","0.0","0.0"
"CURVE 4","0.08877088463227695","26.438922512661534","19.04569009751935","0.08508101303185991","0.10802302086531224","37.87875172245405","-1","0.0","0.0","0.0"
"CURVE 4","0.08877088463227695","26.438922512661534","19.04569009751935","0.08529095806292636","0.1079642295837402","37.84587240808222","-1","0.0","0.0","0.0"
"CURVE 4","0.08877088463227695","26.438922512661534","19.04569009751935","0.08550219482450346","0.10790695549836798","37.80255143098638","-1","0.0","0.0","0.0"
"CURVE 4","0.08877088463227695","26.438922512661534","19.04569009751935","0.08571473078941233","0.10785121633045708","37.74881626473073","-1","0.0","0.0","0.0"
"CURVE 4","0.08877088463227695","26.438922512661534","19.04569009751935","0.08592857343047414","0.10779702980126907","37.68470674425477","-1","0.0","0.0","0.0"
"CURVE 4","0.08877088463227695","26.438922512661534","19.04569009751935","0.08614373022051001","0.1077444136320655","37.61027509002084","-1","0.0","0.0","0.0"
"CURVE 4","0.08877088463227695","26.438922512661534","19.04569009751935","0.08636020863234109","0.10769338554410791","37.52558591201978","-1","0.0","0.0","0.0"
"CURVE 4","0.08877088463227695","26.438922512661534","19.04569009751935","0.08657801613878849","0.10764396325865788","37.43071616283252","-1","0.0","0.0","0.0"
"CURVE 4","0.08877088463227695","26.438922512661534","19.04569009751935","0.08679716021267336","0.10759616449697693","37.325755050482776","-1","0.0","0.0","0.0"
"CURVE 4","0.08877088463227695","26.438922512661534","19.04569009751935","0.08701764832681685","0.10755000698032663","37.21080391867669","-1","0.0","0.0","0.0"
"CURVE 4","0.08877088463227695","26.438922512661534","19.04569009751935","0.08723948795404007","0.10750550842996853","37.0859760938268","-1","0.0","0.0","0.0"
