,arc_L_segment,end_end_dist_2_segment,file_label,file_path,frame_numer,max_arc_l,Arc_win_rgn_A,Arc_win_rgn_B,avg_arc_l_win_fil_1,avg_arc_l_win_fil_2,fil_label,Arc_win_size,max_arc_L_segment,E_bend_arr_kBT,Mean_Curvature_segment,Std_Curvature_segment,E_bend_filament_kBT,L_p,L_p_std,R_sq_fit,L_P_dist,mean_pt_curv_for_dist
0,"[8.32,16.64,24.97,33.29,41.61]","[65.86,264.06,575.43,963.88,1433.72]",S_1,/Users/yogehs/Downloads/SbcC/S/1/1.csv,0.0,83.4519804990471,0.0,0.5,0.25,0.75,fil1,0.5,41.45408920894599,"[0.13,0.25,0.24,0.15,0.05]","[0.03,0.04,0.04,0.03,0.02]","[0.00,0.00,0.00,0.00,0.01]",0.8094,36.231,1.4000481995944842,1.0,10387.831,0.030647066161231785
1,"[8.30,16.61,24.91,33.22,41.52]","[67.41,274.95,616.58,1069.45,1532.13]",S_1,/Users/yogehs/Downloads/SbcC/S/1/1.csv,0.0,83.4519804990471,0.5,1.0,0.75,0.25,fil2,0.5,41.45408920894599,"[0.00,0.03,0.04,0.83,0.76]","[0.00,-0.01,-0.01,-0.05,-0.05]","[0.00,0.00,0.00,0.02,0.01]",1.6714,69.905,13.788917232922131,0.997,1549.157,-0.022758663903955603
2,"[8.28,16.57,24.85,33.13,41.41]","[66.56,252.18,537.66,903.62,1357.48]",S_1,/Users/yogehs/Downloads/SbcC/S/1/2.csv,1.0,82.96042335854567,0.0,0.5,0.25,0.75,fil1,0.5,41.45408920894599,"[0.47,0.28,0.14,0.14,0.00]","[0.06,0.05,0.04,0.03,0.00]","[0.00,0.01,0.00,0.01,0.01]",1.0331,27.639,0.24986249370579008,1.0,2209.363,0.03329015311573404
3,"[8.24,16.48,24.72,32.96,41.21]","[67.21,270.17,604.34,1040.06,1441.48]",S_1,/Users/yogehs/Downloads/SbcC/S/1/2.csv,1.0,82.96042335854567,0.5,1.0,0.75,0.25,fil2,0.5,41.45408920894599,"[0.01,0.03,0.04,0.85,0.75]","[-0.01,-0.01,-0.01,-0.06,-0.06]","[0.00,0.00,0.01,0.01,0.01]",1.6707,49.787,9.984603576611166,0.994,1585.036,-0.026362935802317924
4,"[8.28,16.57,24.85,33.13,41.42]","[66.22,259.47,567.10,949.22,1432.17]",S_1,/Users/yogehs/Downloads/SbcC/S/1/3.csv,2.0,82.9864019584757,0.0,0.5,0.25,0.75,fil1,0.5,41.45408920894599,"[0.38,0.20,0.23,0.17,0.00]","[0.05,0.04,0.04,0.03,0.00]","[0.00,0.00,0.01,0.02,0.00]",0.9842,36.92,0.9380537500982916,1.0,2730.896,0.030368585328623618
5,"[8.23,16.46,24.69,32.92,41.15]","[67.62,269.10,598.59,1018.66,1509.25]",S_1,/Users/yogehs/Downloads/SbcC/S/1/3.csv,2.0,82.9864019584757,0.5,1.0,0.75,0.25,fil2,0.5,41.45408920894599,"[0.00,0.03,0.38,0.40,0.07]","[0.00,-0.01,-0.04,-0.04,-0.02]","[0.00,0.00,0.01,0.01,0.00]",0.8825,64.688,7.1518763300200145,0.999,2928.095,-0.019128617691259685
6,"[8.49,16.98,25.47,33.95,42.44]","[68.97,244.60,505.57,868.24,1360.96]",S_1,/Users/yogehs/Downloads/SbcC/S/1/4.csv,3.0,85.07259601691332,0.0,0.5,0.25,0.75,fil1,0.5,41.45408920894599,"[0.60,0.43,0.11,0.02,0.00]","[0.08,0.07,0.03,0.01,-0.00]","[0.01,0.02,0.00,0.01,0.00]",1.1588,21.644,1.386381092418614,0.997,927.315,0.03670087061618382
7,"[8.44,16.87,25.31,33.75,42.18]","[70.35,280.93,622.95,1075.82,1618.13]",S_1,/Users/yogehs/Downloads/SbcC/S/1/4.csv,3.0,85.07259601691332,0.5,1.0,0.75,0.25,fil2,0.5,41.45408920894599,"[0.14,0.10,0.20,0.29,0.06]","[-0.02,-0.02,-0.02,-0.03,-0.01]","[0.00,0.00,0.01,0.01,0.00]",0.7924,78.239,6.067883912479219,1.0,11835.697,-0.021350095325360353
8,"[8.43,16.86,25.29,33.73,42.16]","[66.97,241.50,502.63,870.04,1381.95]",S_1,/Users/yogehs/Downloads/SbcC/S/1/5.csv,4.0,84.48207906877457,0.0,0.5,0.25,0.75,fil1,0.5,41.45408920894599,"[0.65,0.48,0.10,0.00,0.00]","[0.08,0.07,0.03,0.01,-0.00]","[0.01,0.02,0.01,0.01,0.00]",1.2336,23.711,1.8844164080321417,0.996,865.749,0.03436833959568929
9,"[8.38,16.75,25.13,33.51,41.89]","[69.83,279.38,617.81,1067.80,1595.76]",S_1,/Users/yogehs/Downloads/SbcC/S/1/5.csv,4.0,84.48207906877457,0.5,1.0,0.75,0.25,fil2,0.5,41.45408920894599,"[0.01,0.06,0.32,0.31,0.10]","[-0.00,-0.01,-0.03,-0.03,-0.02]","[0.00,0.00,0.01,0.00,0.00]",0.797,79.906,8.117432403565857,0.999,7116.164,-0.01732372005140898
10,"[8.52,17.04,25.56,34.08,42.61]","[69.07,240.94,506.77,906.74,1451.82]",S_1,/Users/yogehs/Downloads/SbcC/S/1/6.csv,5.0,85.27633553510957,0.0,0.5,0.25,0.75,fil1,0.5,41.45408920894599,"[0.70,0.66,0.04,0.00,0.00]","[0.08,0.08,0.02,-0.00,-0.00]","[0.02,0.02,0.01,0.01,0.00]",1.4054,26.573,2.76721324043256,0.995,681.016,0.029931492642839647
11,"[8.45,16.89,25.34,33.79,42.23]","[71.24,283.79,627.02,1070.95,1609.12]",S_1,/Users/yogehs/Downloads/SbcC/S/1/6.csv,5.0,85.27633553510957,0.5,1.0,0.75,0.25,fil2,0.5,41.45408920894599,"[0.02,0.05,0.39,0.32,0.09]","[0.01,-0.01,-0.04,-0.03,-0.02]","[0.00,0.01,0.01,0.01,0.00]",0.8744,72.101,6.078022199028177,0.999,3096.179,-0.014849002977990354
12,"[8.52,17.03,25.55,34.07,42.58]","[69.72,236.47,479.37,857.24,1389.99]",S_1,/Users/yogehs/Downloads/SbcC/S/1/7.csv,6.0,85.23837077423212,0.0,0.5,0.25,0.75,fil1,0.5,41.45408920894599,"[0.34,0.93,0.02,0.00,0.01]","[0.06,0.10,0.02,-0.00,-0.01]","[0.02,0.02,0.01,0.00,0.00]",1.3026,21.809,2.394007400504121,0.992,529.277,0.028174198576830473
13,"[8.45,16.90,25.34,33.79,42.24]","[71.00,281.95,630.94,1097.75,1650.79]",S_1,/Users/yogehs/Downloads/SbcC/S/1/7.csv,6.0,85.23837077423212,0.5,1.0,0.75,0.25,fil2,0.5,41.45408920894599,"[0.01,0.03,0.23,0.42,0.20]","[-0.00,-0.01,-0.02,-0.03,-0.02]","[0.00,0.00,0.01,0.00,0.00]",0.889,99.108,10.31381878958334,1.0,7731.164,-0.014341765505676903
14,"[8.55,17.10,25.64,34.19,42.74]","[69.73,241.38,492.75,878.61,1407.97]",S_1,/Users/yogehs/Downloads/SbcC/S/1/8.csv,7.0,85.6365248043793,0.0,0.5,0.25,0.75,fil1,0.5,41.45408920894599,"[0.34,0.92,0.01,0.00,0.00]","[0.06,0.10,0.01,0.00,-0.00]","[0.02,0.02,0.01,0.00,0.00]",1.2793,22.717,2.247478959290177,0.994,609.734,0.029549530770064492
15,"[8.49,16.98,25.47,33.96,42.45]","[71.22,284.65,637.15,1075.13,1562.98]",S_1,/Users/yogehs/Downloads/SbcC/S/1/8.csv,7.0,85.6365248043793,0.5,1.0,0.75,0.25,fil2,0.5,41.45408920894599,"[0.01,0.02,0.21,0.55,0.21]","[-0.01,-0.01,-0.03,-0.05,-0.03]","[0.00,0.00,0.02,0.00,0.01]",1.0013,54.543,6.8757769216232445,0.998,3467.818,-0.020962043956190914
16,"[8.45,16.90,25.35,33.81,42.26]","[63.82,220.04,497.68,923.11,1487.76]",S_1,/Users/yogehs/Downloads/SbcC/S/1/9.csv,8.0,84.54012888761449,0.0,0.5,0.25,0.75,fil1,0.5,41.45408920894599,"[1.81,0.52,0.00,0.00,0.00]","[0.12,0.06,-0.00,-0.00,-0.00]","[0.02,0.03,0.00,0.00,0.00]",2.327,31.571,4.606644964454794,0.993,422.086,0.028542291929277434
17,"[8.37,16.73,25.10,33.46,41.83]","[68.94,278.64,619.39,1040.71,1511.60]",S_1,/Users/yogehs/Downloads/SbcC/S/1/9.csv,8.0,84.54012888761449,0.5,1.0,0.75,0.25,fil2,0.5,41.45408920894599,"[0.02,0.03,0.22,0.53,0.12]","[-0.01,-0.01,-0.03,-0.05,-0.02]","[0.00,0.00,0.02,0.01,0.00]",0.9235,52.242,6.663535467322326,0.998,3001.796,-0.0227304320182767
18,"[8.46,16.92,25.38,33.85,42.31]","[65.17,226.09,479.91,841.12,1302.46]",S_1,/Users/yogehs/Downloads/SbcC/S/1/10.csv,9.0,84.61315283841498,0.0,0.5,0.25,0.75,fil1,0.5,41.45408920894599,"[1.12,0.31,0.05,0.05,0.00]","[0.12,0.06,0.03,0.02,0.00]","[0.02,0.02,0.00,0.00,0.01]",1.5346,18.913,1.24611215628195,0.996,532.045,0.041309289479030675
19,"[8.39,16.77,25.16,33.54,41.93]","[69.66,276.83,623.56,1083.37,1628.17]",S_1,/Users/yogehs/Downloads/SbcC/S/1/10.csv,9.0,84.61315283841498,0.5,1.0,0.75,0.25,fil2,0.5,41.45408920894599,"[0.19,0.14,0.03,0.53,0.18]","[-0.02,-0.02,-0.01,-0.04,-0.02]","[0.00,0.00,0.01,0.00,0.00]",1.0712,100.371,11.148846902967454,0.999,9015.385,-0.019458939561110118
20,"[8.48,16.96,25.45,33.93,42.41]","[68.11,236.91,465.86,800.15,1265.22]",S_1,/Users/yogehs/Downloads/SbcC/S/1/11.csv,10.0,84.8506136700952,0.0,0.5,0.25,0.75,fil1,0.5,41.45408920894599,"[0.31,0.63,0.08,0.01,0.01]","[0.07,0.09,0.03,0.01,-0.01]","[0.02,0.01,0.01,0.00,0.01]",1.0414,16.679,1.2072360540982383,0.994,609.535,0.03190440675044335
21,"[8.40,16.81,25.21,33.62,42.02]","[69.79,276.29,613.00,1055.87,1603.11]",S_1,/Users/yogehs/Downloads/SbcC/S/1/11.csv,10.0,84.8506136700952,0.5,1.0,0.75,0.25,fil2,0.5,41.45408920894599,"[0.27,0.18,0.14,0.20,0.05]","[-0.03,-0.02,-0.02,-0.03,-0.01]","[0.00,0.01,0.01,0.00,0.00]",0.8475,73.983,3.4946618832669336,1.0,12574.933,-0.024234669844770827
22,"[8.10,16.19,24.29,32.39,40.49]","[63.01,229.81,478.85,809.79,1253.23]",S_1,/Users/yogehs/Downloads/SbcC/S/1/12.csv,11.0,81.15190617081595,0.0,0.5,0.25,0.75,fil1,0.5,41.45408920894599,"[0.56,0.37,0.13,0.05,0.01]","[0.08,0.06,0.04,0.02,-0.01]","[0.01,0.01,0.00,0.01,0.01]",1.122,22.116,0.9999995245399383,0.999,875.628,0.03301214583503145
23,"[8.05,16.10,24.14,32.19,40.24]","[63.79,252.03,557.32,968.79,1465.96]",S_1,/Users/yogehs/Downloads/SbcC/S/1/12.csv,11.0,81.15190617081595,0.5,1.0,0.75,0.25,fil2,0.5,41.45408920894599,"[0.25,0.24,0.19,0.12,0.02]","[-0.03,-0.03,-0.03,-0.02,-0.01]","[0.00,0.01,0.01,0.01,0.00]",0.8161,68.845,2.881580791644289,1.0,12592.927,-0.02590258170273925
24,"[8.26,16.52,24.78,33.04,41.30]","[65.43,238.03,498.73,839.46,1302.86]",S_1,/Users/yogehs/Downloads/SbcC/S/1/13.csv,12.0,82.77728948025857,0.0,0.5,0.25,0.75,fil1,0.5,41.45408920894599,"[0.58,0.37,0.13,0.05,0.01]","[0.08,0.06,0.04,0.02,-0.01]","[0.01,0.01,0.00,0.01,0.01]",1.1327,22.436,1.053351235761026,0.999,948.634,0.03392114808645756
25,"[8.22,16.43,24.65,32.86,41.08]","[65.91,265.02,583.20,967.25,1431.41]",S_1,/Users/yogehs/Downloads/SbcC/S/1/13.csv,12.0,82.77728948025857,0.5,1.0,0.75,0.25,fil2,0.5,41.45408920894599,"[0.07,0.16,0.22,0.30,0.05]","[-0.02,-0.03,-0.04,-0.04,-0.02]","[0.00,0.00,0.01,0.01,0.00]",0.7944,42.703,3.274439095616474,0.999,7856.93,-0.029504867908469755
26,"[8.44,16.89,25.33,33.78,42.22]","[67.23,254.11,527.30,917.47,1444.35]",S_1,/Users/yogehs/Downloads/SbcC/S/1/14.csv,13.0,84.52744321751757,0.0,0.5,0.25,0.75,fil1,0.5,41.45408920894599,"[0.40,0.58,0.09,0.01,0.01]","[0.06,0.07,0.03,0.01,-0.01]","[0.01,0.01,0.01,0.00,0.00]",1.0956,29.071,2.0682498543880303,0.998,1168.461,0.025465065189066754
27,"[8.38,16.76,25.15,33.53,41.91]","[69.29,277.97,611.98,1013.76,1463.02]",S_1,/Users/yogehs/Downloads/SbcC/S/1/14.csv,13.0,84.52744321751757,0.5,1.0,0.75,0.25,fil2,0.5,41.45408920894599,"[0.01,0.04,0.38,0.41,0.05]","[-0.01,-0.02,-0.05,-0.05,-0.02]","[0.00,0.01,0.01,0.01,0.00]",0.8807,40.635,4.360756753169543,0.997,2414.225,-0.027083811019761764
28,"[8.16,16.33,24.49,32.66,40.82]","[65.54,246.46,529.10,913.48,1415.10]",S_1,/Users/yogehs/Downloads/SbcC/S/1/15.csv,14.0,81.70805365273,0.0,0.5,0.25,0.75,fil1,0.5,41.45408920894599,"[0.34,0.52,0.12,0.03,0.00]","[0.05,0.06,0.03,0.01,0.00]","[0.01,0.01,0.01,0.00,0.00]",1.0138,37.962,1.5674296906070004,1.0,2252.519,0.026361734324531552
29,"[8.08,16.17,24.25,32.34,40.42]","[65.04,257.10,543.47,911.93,1356.65]",S_1,/Users/yogehs/Downloads/SbcC/S/1/15.csv,14.0,81.70805365273,0.5,1.0,0.75,0.25,fil2,0.5,41.45408920894599,"[0.01,0.24,0.40,0.09,0.02]","[-0.01,-0.04,-0.05,-0.02,-0.01]","[0.01,0.01,0.01,0.01,0.00]",0.761,35.864,1.6301501144679955,0.999,2957.753,-0.030012293069972204
30,"[8.11,16.22,24.34,32.45,40.56]","[62.23,231.24,461.98,766.45,1177.20]",S_1,/Users/yogehs/Downloads/SbcC/S/1/16.csv,15.0,81.183202147874,0.0,0.5,0.25,0.75,fil1,0.5,41.45408920894599,"[0.31,0.42,0.16,0.03,0.00]","[0.07,0.08,0.05,0.02,0.00]","[0.01,0.01,0.01,0.01,0.00]",0.9216,17.566,0.6906931758477856,0.999,1162.419,0.04189767894103812
31,"[8.02,16.05,24.07,32.10,40.12]","[64.37,257.09,564.71,925.78,1302.05]",S_1,/Users/yogehs/Downloads/SbcC/S/1/16.csv,15.0,81.183202147874,0.5,1.0,0.75,0.25,fil2,0.5,41.45408920894599,"[0.00,0.00,0.44,0.48,0.12]","[-0.00,-0.00,-0.06,-0.06,-0.03]","[0.00,0.01,0.01,0.01,0.01]",1.043,34.208,4.5312707468897955,0.995,1313.058,-0.025289745887106276
32,"[8.39,16.78,25.17,33.57,41.96]","[64.57,226.22,452.98,731.66,1095.38]",S_1,/Users/yogehs/Downloads/SbcC/S/1/17.csv,16.0,83.94388147632623,0.0,0.5,0.25,0.75,fil1,0.5,41.45408920894599,"[0.47,0.34,0.11,0.06,0.00]","[0.10,0.08,0.05,0.04,0.00]","[0.02,0.02,0.00,0.01,0.01]",0.9836,12.439,0.33686770215996825,0.999,806.672,0.048397743528503415
33,"[8.30,16.59,24.89,33.18,41.48]","[67.89,273.58,602.38,995.26,1424.67]",S_1,/Users/yogehs/Downloads/SbcC/S/1/17.csv,16.0,83.94388147632623,0.5,1.0,0.75,0.25,fil2,0.5,41.45408920894599,"[0.04,0.01,0.46,0.37,0.08]","[-0.01,-0.01,-0.05,-0.05,-0.02]","[0.00,0.00,0.01,0.01,0.00]",0.9597,39.382,4.686542548154351,0.997,2263.612,-0.026528827138833363
34,"[8.25,16.50,24.75,33.00,41.25]","[65.32,244.16,499.63,809.57,1181.12]",S_1,/Users/yogehs/Downloads/SbcC/S/1/18.csv,17.0,82.60157650923179,0.0,0.5,0.25,0.75,fil1,0.5,41.45408920894599,"[0.26,0.33,0.15,0.11,0.01]","[0.06,0.07,0.05,0.04,0.01]","[0.01,0.01,0.01,0.00,0.01]",0.8529,17.201,0.2991737816515265,1.0,1981.262,0.04093485251503082
35,"[8.17,16.35,24.52,32.69,40.87]","[65.86,258.06,554.82,901.12,1314.05]",S_1,/Users/yogehs/Downloads/SbcC/S/1/18.csv,17.0,82.60157650923179,0.5,1.0,0.75,0.25,fil2,0.5,41.45408920894599,"[0.10,0.13,0.41,0.13,0.02]","[-0.03,-0.03,-0.06,-0.03,-0.01]","[0.00,0.00,0.01,0.01,0.00]",0.7861,28.15,1.7214742848585507,0.998,4763.179,-0.03623465713663117
36,"[7.91,15.82,23.73,31.64,39.55]","[60.30,238.57,496.26,837.81,1283.08]",S_1,/Users/yogehs/Downloads/SbcC/S/1/19.csv,18.0,79.34744819719353,0.0,0.5,0.25,0.75,fil1,0.5,41.45408920894599,"[0.10,0.48,0.22,0.03,0.04]","[0.03,0.06,0.04,0.02,0.02]","[0.01,0.01,0.02,0.00,0.00]",0.8546,30.81,0.849483282672762,1.0,2393.269,0.03336297025192505
37,"[7.87,15.73,23.60,31.46,39.33]","[60.43,243.37,531.87,915.47,1422.72]",S_1,/Users/yogehs/Downloads/SbcC/S/1/19.csv,18.0,79.34744819719353,0.5,1.0,0.75,0.25,fil2,0.5,41.45408920894599,"[0.16,0.53,0.38,0.01,0.00]","[0.02,-0.04,-0.04,-0.01,-0.00]","[0.01,0.02,0.02,0.00,0.00]",1.0884,74.668,2.8651511593657872,1.0,1029.743,-0.015658820340983773
38,"[8.19,16.38,24.57,32.76,40.95]","[63.13,256.88,558.95,961.69,1418.97]",S_1,/Users/yogehs/Downloads/SbcC/S/1/20.csv,19.0,82.03884907796113,0.0,0.5,0.25,0.75,fil1,0.5,41.45408920894599,"[0.14,0.24,0.23,0.13,0.21]","[0.03,0.04,0.04,0.03,0.04]","[0.00,0.00,0.00,0.00,0.00]",0.9507,41.331,1.997827658310003,1.0,46476.422,0.03336720871646165
39,"[8.12,16.24,24.37,32.49,40.61]","[65.24,258.72,571.29,972.92,1458.54]",S_1,/Users/yogehs/Downloads/SbcC/S/1/20.csv,19.0,82.03884907796113,0.5,1.0,0.75,0.25,fil2,0.5,41.45408920894599,"[0.07,0.22,0.46,0.11,0.03]","[0.02,-0.03,-0.04,-0.02,-0.01]","[0.02,0.01,0.01,0.00,0.00]",0.8827,56.796,3.657831778966572,1.0,1472.768,-0.015605044522599148
40,"[8.43,16.86,25.30,33.73,42.16]","[68.60,253.75,536.23,914.58,1403.32]",S_1,/Users/yogehs/Downloads/SbcC/S/1/21.csv,20.0,84.41664108399581,0.0,0.5,0.25,0.75,fil1,0.5,41.45408920894599,"[0.45,0.43,0.11,0.04,0.01]","[0.06,0.06,0.03,0.02,0.01]","[0.01,0.01,0.01,0.00,0.00]",1.0481,26.77,0.9329852070526321,0.999,1956.501,0.03445938484081956
41,"[8.36,16.72,25.07,33.43,41.79]","[69.43,276.99,623.14,1070.88,1607.56]",S_1,/Users/yogehs/Downloads/SbcC/S/1/21.csv,20.0,84.41664108399581,0.5,1.0,0.75,0.25,fil2,0.5,41.45408920894599,"[0.01,0.01,0.29,0.42,0.11]","[-0.01,-0.01,-0.03,-0.03,-0.02]","[0.00,0.00,0.01,0.01,0.00]",0.8456,92.518,10.952514592087706,0.999,5425.262,-0.015909821724479876
42,"[8.57,17.14,25.72,34.29,42.86]","[72.08,271.15,580.18,980.60,1446.51]",S_1,/Users/yogehs/Downloads/SbcC/S/1/22.csv,21.0,85.7294768527004,0.0,0.5,0.25,0.75,fil1,0.5,41.45408920894599,"[0.32,0.30,0.15,0.11,0.06]","[0.05,0.05,0.04,0.03,0.02]","[0.00,0.00,0.00,0.00,0.00]",0.9481,28.652,0.5347924157180873,1.0,7676.809,0.036107837929395176
43,"[8.49,16.97,25.46,33.94,42.43]","[71.19,284.27,637.21,1102.07,1670.00]",S_1,/Users/yogehs/Downloads/SbcC/S/1/22.csv,21.0,85.7294768527004,0.5,1.0,0.75,0.25,fil2,0.5,41.45408920894599,"[0.00,0.06,0.29,0.34,0.09]","[0.00,-0.01,-0.03,-0.03,-0.01]","[0.01,0.00,0.01,0.00,0.00]",0.7825,100.467,8.597109860066945,1.0,6527.699,-0.015050084764956187
44,"[8.26,16.51,24.77,33.02,41.28]","[64.30,253.34,541.59,910.24,1356.83]",S_1,/Users/yogehs/Downloads/SbcC/S/1/23.csv,22.0,82.62164230477228,0.0,0.5,0.25,0.75,fil1,0.5,41.45408920894599,"[0.30,0.31,0.16,0.10,0.05]","[0.05,0.05,0.04,0.03,0.02]","[0.00,0.00,0.00,0.00,0.00]",0.9235,28.754,0.4162954882829562,1.0,6087.449,0.03576655492445069
45,"[8.18,16.36,24.54,32.72,40.90]","[66.06,264.85,595.93,1050.19,1619.90]",S_1,/Users/yogehs/Downloads/SbcC/S/1/23.csv,22.0,82.62164230477228,0.5,1.0,0.75,0.25,fil2,0.5,41.45408920894599,"[0.04,0.12,0.08,0.16,0.06]","[-0.01,-0.01,-0.01,-0.01,-0.01]","[0.01,0.01,0.01,0.00,0.00]",0.4718,226.973,15.705151387472716,1.0,21500.244,-0.009796621313085922
46,"[8.68,17.36,26.04,34.72,43.40]","[71.50,272.34,564.03,945.74,1392.52]",S_1,/Users/yogehs/Downloads/SbcC/S/1/24.csv,23.0,87.04273257839237,0.0,0.5,0.25,0.75,fil1,0.5,41.45408920894599,"[0.35,0.34,0.12,0.08,0.08]","[0.06,0.06,0.04,0.03,0.03]","[0.01,0.01,0.01,0.00,0.00]",0.9815,22.165,0.1773633413518978,1.0,4593.536,0.040561152651378364
47,"[8.63,17.26,25.89,34.52,43.14]","[74.17,295.12,650.15,1166.72,1797.41]",S_1,/Users/yogehs/Downloads/SbcC/S/1/24.csv,23.0,87.04273257839237,0.5,1.0,0.75,0.25,fil2,0.5,41.45408920894599,"[0.08,0.45,0.08,0.00,0.00]","[-0.01,-0.02,-0.01,-0.00,0.00]","[0.01,0.00,0.01,0.00,0.00]",0.6072,211.42,15.334014856102812,1.0,8716.057,-0.010851795011960286
48,"[8.64,17.28,25.92,34.57,43.21]","[71.64,267.98,562.69,967.30,1448.73]",S_1,/Users/yogehs/Downloads/SbcC/S/1/25.csv,24.0,86.50991475874234,0.0,0.5,0.25,0.75,fil1,0.5,41.45408920894599,"[0.41,0.37,0.12,0.06,0.08]","[0.06,0.06,0.03,0.02,0.03]","[0.01,0.01,0.01,0.00,0.00]",1.0428,26.203,0.3975872257707239,1.0,3923.53,0.03694023883631606
49,"[8.57,17.13,25.70,34.27,42.83]","[73.21,290.04,656.47,1150.39,1782.46]",S_1,/Users/yogehs/Downloads/SbcC/S/1/25.csv,24.0,86.50991475874234,0.5,1.0,0.75,0.25,fil2,0.5,41.45408920894599,"[0.00,0.00,0.22,0.17,0.05]","[-0.00,-0.00,-0.01,-0.01,-0.01]","[0.01,0.00,0.00,0.00,0.00]",0.4469,257.931,17.25989669002628,1.0,19460.722,-0.005752925372165218
50,"[8.44,16.87,25.31,33.75,42.18]","[66.53,245.66,535.05,930.00,1400.99]",S_1,/Users/yogehs/Downloads/SbcC/S/1/26.csv,25.0,84.40761058440458,0.0,0.5,0.25,0.75,fil1,0.5,41.45408920894599,"[0.89,0.32,0.07,0.06,0.06]","[0.09,0.05,0.03,0.02,0.02]","[0.01,0.01,0.00,0.00,0.01]",1.4146,26.974,0.7781085026047022,1.0,1528.706,0.039721892105129414
51,"[8.37,16.73,25.10,33.47,41.84]","[69.88,276.95,625.36,1103.55,1682.00]",S_1,/Users/yogehs/Downloads/SbcC/S/1/26.csv,25.0,84.40761058440458,0.5,1.0,0.75,0.25,fil2,0.5,41.45408920894599,"[0.00,0.01,0.16,0.53,0.43]","[-0.00,0.00,-0.01,-0.03,-0.02]","[0.00,0.00,0.01,0.00,0.00]",1.1402,201.109,28.09190630693885,1.0,7435.36,-0.008694037184366616
52,"[8.72,17.43,26.15,34.87,43.58]","[74.13,278.32,589.67,1020.86,1557.19]",S_1,/Users/yogehs/Downloads/SbcC/S/1/27.csv,26.0,87.1655991388055,0.0,0.5,0.25,0.75,fil1,0.5,41.45408920894599,"[0.42,0.40,0.13,0.03,0.10]","[0.05,0.05,0.03,0.02,0.03]","[0.01,0.01,0.01,0.00,0.00]",1.0841,33.701,0.9133195711742178,1.0,4389.691,0.032691195414713915
53,"[8.64,17.27,25.91,34.55,43.19]","[74.41,297.14,664.25,1157.11,1766.70]",S_1,/Users/yogehs/Downloads/SbcC/S/1/27.csv,26.0,87.1655991388055,0.5,1.0,0.75,0.25,fil2,0.5,41.45408920894599,"[0.13,0.03,0.26,0.40,0.22]","[0.01,-0.01,-0.02,-0.03,-0.02]","[0.01,0.00,0.01,0.00,0.00]",1.03,143.55,13.384973686309703,1.0,3861.571,-0.00777736237944216
54,"[8.85,17.69,26.54,35.39,44.23]","[72.77,277.79,587.62,996.81,1463.79]",S_1,/Users/yogehs/Downloads/SbcC/S/1/28.csv,27.0,88.54361533643035,0.0,0.5,0.25,0.75,fil1,0.5,41.45408920894599,"[0.48,0.33,0.10,0.08,0.09]","[0.07,0.06,0.03,0.03,0.03]","[0.01,0.01,0.00,0.00,0.00]",1.092,23.671,0.17812201762842508,1.0,3712.963,0.040528152063379314
55,"[8.79,17.58,26.37,35.16,43.95]","[76.73,307.96,689.59,1229.80,1865.02]",S_1,/Users/yogehs/Downloads/SbcC/S/1/28.csv,27.0,88.54361533643035,0.5,1.0,0.75,0.25,fil2,0.5,41.45408920894599,"[0.08,0.05,0.02,0.75,1.51]","[0.01,0.01,-0.00,-0.03,-0.04]","[0.00,0.00,0.01,0.00,0.00]",2.406,254.372,53.079021417176726,1.0,3132.702,-0.006840239746029482
56,"[8.84,17.69,26.53,35.38,44.22]","[76.28,280.22,589.66,986.46,1484.83]",S_1,/Users/yogehs/Downloads/SbcC/S/1/29.csv,28.0,88.47972062994984,0.0,0.5,0.25,0.75,fil1,0.5,41.45408920894599,"[0.40,0.36,0.13,0.07,0.04]","[0.06,0.06,0.03,0.02,0.02]","[0.01,0.01,0.00,0.00,0.00]",0.9958,24.45,0.3589033406457604,1.0,3152.782,0.037689930463784146
57,"[8.75,17.50,26.25,35.00,43.76]","[75.66,302.17,683.92,1190.59,1838.36]",S_1,/Users/yogehs/Downloads/SbcC/S/1/29.csv,28.0,88.47972062994984,0.5,1.0,0.75,0.25,fil2,0.5,41.45408920894599,"[0.14,0.06,0.31,0.16,0.07]","[0.01,-0.01,-0.02,-0.01,-0.01]","[0.00,0.01,0.00,0.00,0.00]",0.7512,187.258,13.290133502040051,1.0,5803.042,-0.004489180592307375
58,"[8.52,17.04,25.56,34.08,42.60]","[68.31,269.64,564.85,963.69,1464.98]",S_1,/Users/yogehs/Downloads/SbcC/S/1/30.csv,29.0,85.37631879759888,0.0,0.5,0.25,0.75,fil1,0.5,41.45408920894599,"[0.23,0.40,0.18,0.05,0.04]","[0.04,0.06,0.04,0.02,0.02]","[0.01,0.00,0.01,0.00,0.00]",0.9009,30.646,0.6084795665394236,1.0,4311.347,0.03238483463885431
59,"[8.48,16.95,25.43,33.90,42.38]","[71.24,285.66,638.78,1129.09,1739.55]",S_1,/Users/yogehs/Downloads/SbcC/S/1/30.csv,29.0,85.37631879759888,0.5,1.0,0.75,0.25,fil2,0.5,41.45408920894599,"[0.48,0.00,0.21,0.37,0.38]","[0.02,0.00,-0.01,-0.02,-0.02]","[0.00,0.01,0.00,0.00,0.00]",1.4353,239.103,17.981961731922905,1.0,3512.018,-0.0013476206091318436
60,"[8.93,17.85,26.78,35.70,44.63]","[75.58,295.29,624.87,1046.61,1530.44]",S_1,/Users/yogehs/Downloads/SbcC/S/1/31.csv,30.0,89.44197137847146,0.0,0.5,0.25,0.75,fil1,0.5,41.45408920894599,"[0.21,0.31,0.18,0.10,0.09]","[0.04,0.05,0.04,0.03,0.03]","[0.01,0.00,0.01,0.00,0.00]",0.885,27.047,0.6861101049884099,1.0,10729.178,0.03536681603621009
61,"[8.87,17.74,26.60,35.47,44.34]","[76.95,310.90,697.87,1208.25,1800.73]",S_1,/Users/yogehs/Downloads/SbcC/S/1/31.csv,30.0,89.44197137847146,0.5,1.0,0.75,0.25,fil2,0.5,41.45408920894599,"[0.01,0.00,0.32,0.57,0.20]","[0.01,0.00,-0.03,-0.04,-0.02]","[0.00,0.00,0.01,0.00,0.00]",1.1137,93.738,11.658918629365072,0.999,2883.935,-0.011183398615558284
62,"[8.93,17.87,26.80,35.74,44.67]","[74.63,303.09,637.51,1070.37,1577.21]",S_1,/Users/yogehs/Downloads/SbcC/S/1/32.csv,31.0,89.45479851876641,0.0,0.5,0.25,0.75,fil1,0.5,41.45408920894599,"[0.13,0.29,0.24,0.09,0.10]","[0.03,0.05,0.04,0.03,0.03]","[0.00,0.00,0.01,0.00,0.00]",0.8444,30.572,0.8807566699784937,1.0,12436.079,0.032696830862241844
63,"[8.87,17.75,26.62,35.50,44.37]","[77.97,310.79,705.38,1228.41,1822.31]",S_1,/Users/yogehs/Downloads/SbcC/S/1/32.csv,31.0,89.45479851876641,0.5,1.0,0.75,0.25,fil2,0.5,41.45408920894599,"[0.09,0.00,0.22,0.64,0.59]","[0.01,0.00,-0.02,-0.04,-0.03]","[0.00,0.00,0.01,0.00,0.00]",1.543,111.874,19.072445048209264,0.999,2422.281,-0.00828617958918609
64,"[8.85,17.69,26.54,35.38,44.23]","[75.99,280.08,597.35,991.88,1438.25]",S_1,/Users/yogehs/Downloads/SbcC/S/1/33.csv,32.0,88.57769783785929,0.0,0.5,0.25,0.75,fil1,0.5,41.45408920894599,"[0.33,0.30,0.13,0.11,0.10]","[0.06,0.05,0.04,0.03,0.03]","[0.01,0.01,0.00,0.00,0.00]",0.9759,22.625,0.4916131386956277,1.0,7126.976,0.04083041339445684
65,"[8.79,17.59,26.38,35.18,43.97]","[76.21,308.30,690.36,1213.11,1805.90]",S_1,/Users/yogehs/Downloads/SbcC/S/1/33.csv,32.0,88.57769783785929,0.5,1.0,0.75,0.25,fil2,0.5,41.45408920894599,"[0.03,0.02,0.05,0.77,1.32]","[0.01,0.01,-0.01,-0.04,-0.05]","[0.01,0.00,0.01,0.01,0.00]",2.1988,126.6,22.26965475232315,0.999,1976.555,-0.010777986085514875
66,"[8.57,17.14,25.71,34.27,42.84]","[68.46,267.25,561.00,952.90,1370.18]",S_1,/Users/yogehs/Downloads/SbcC/S/1/34.csv,33.0,85.92389811894628,0.0,0.5,0.25,0.75,fil1,0.5,41.45408920894599,"[0.33,0.30,0.13,0.11,0.15]","[0.06,0.05,0.04,0.03,0.04]","[0.00,0.01,0.00,0.00,0.00]",1.0135,23.393,0.6866140711891429,0.999,9174.088,0.042347249894263875
67,"[8.53,17.06,25.59,34.12,42.65]","[72.02,290.82,648.47,1128.02,1707.20]",S_1,/Users/yogehs/Downloads/SbcC/S/1/34.csv,33.0,85.92389811894628,0.5,1.0,0.75,0.25,fil2,0.5,41.45408920894599,"[0.03,0.01,0.29,0.45,0.14]","[0.01,-0.00,-0.02,-0.03,-0.02]","[0.01,0.00,0.01,0.00,0.00]",0.9169,124.447,14.607897856596438,1.0,4324.777,-0.010514013330124809
68,"[8.53,17.06,25.59,34.12,42.64]","[68.55,267.92,567.32,969.58,1402.21]",S_1,/Users/yogehs/Downloads/SbcC/S/1/35.csv,34.0,85.43315907270164,0.0,0.5,0.25,0.75,fil1,0.5,41.45408920894599,"[0.36,0.31,0.12,0.10,0.18]","[0.06,0.05,0.03,0.03,0.04]","[0.00,0.01,0.00,0.01,0.01]",1.0699,26.514,0.8604302563522187,0.999,6204.02,0.04056719972590794
69,"[8.46,16.93,25.39,33.85,42.32]","[70.90,284.27,632.71,1121.97,1746.79]",S_1,/Users/yogehs/Downloads/SbcC/S/1/35.csv,34.0,85.43315907270164,0.5,1.0,0.75,0.25,fil2,0.5,41.45408920894599,"[0.00,0.04,0.12,0.05,0.02]","[-0.00,-0.01,-0.01,-0.01,-0.00]","[0.00,0.00,0.00,0.00,0.00]",0.2288,276.435,7.3606781838392985,1.0,60379.873,-0.004773421551149709
70,"[8.72,17.43,26.15,34.87,43.58]","[75.38,289.37,638.13,1087.47,1593.15]",S_1,/Users/yogehs/Downloads/SbcC/S/1/36.csv,35.0,87.21514183309125,0.0,0.5,0.25,0.75,fil1,0.5,41.45408920894599,"[0.17,0.21,0.18,0.27,0.04]","[0.03,0.03,0.03,0.04,0.02]","[0.00,0.00,0.00,0.01,0.02]",0.8639,42.205,2.547138636551588,0.999,4083.288,0.027871392943763777
71,"[8.63,17.25,25.88,34.51,43.14]","[73.52,295.56,656.03,1166.89,1820.99]",S_1,/Users/yogehs/Downloads/SbcC/S/1/36.csv,35.0,87.21514183309125,0.5,1.0,0.75,0.25,fil2,0.5,41.45408920894599,"[0.02,0.25,0.06,0.11,0.06]","[0.00,0.01,-0.01,-0.01,-0.01]","[0.01,0.00,0.00,0.00,0.00]",0.5068,313.081,19.141457074836758,1.0,10602.682,0.001451757716097103
72,"[8.26,16.52,24.78,33.04,41.30]","[65.66,261.30,569.64,960.15,1411.19]",S_1,/Users/yogehs/Downloads/SbcC/S/1/37.csv,36.0,82.81028400905353,0.0,0.5,0.25,0.75,fil1,0.5,41.45408920894599,"[0.09,0.37,0.12,0.25,0.03]","[0.02,0.05,0.03,0.04,0.02]","[0.01,0.01,0.01,0.00,0.01]",0.857,36.521,1.9136922883991863,0.999,5274.197,0.032501731312895105
73,"[8.21,16.42,24.63,32.84,41.05]","[64.68,267.79,594.88,1036.83,1518.51]",S_1,/Users/yogehs/Downloads/SbcC/S/1/37.csv,36.0,82.81028400905353,0.5,1.0,0.75,0.25,fil2,0.5,41.45408920894599,"[0.00,0.02,0.24,0.51,0.35]","[0.00,-0.01,-0.03,-0.04,-0.03]","[0.00,0.00,0.01,0.00,0.00]",1.1128,75.042,11.04201849816133,0.998,3794.342,-0.020565375687624017
74,"[8.82,17.63,26.45,35.27,44.09]","[74.30,299.42,645.28,1102.98,1685.19]",S_1,/Users/yogehs/Downloads/SbcC/S/1/38.csv,37.0,88.36547249474901,0.0,0.5,0.25,0.75,fil1,0.5,41.45408920894599,"[0.08,0.29,0.39,0.04,0.02]","[0.02,0.04,0.04,0.01,0.01]","[0.00,0.01,0.01,0.00,0.00]",0.8174,49.366,0.8399470156588963,1.0,4915.872,0.02261114128001665
75,"[8.79,17.59,26.38,35.18,43.97]","[76.33,299.81,676.39,1210.91,1833.76]",S_1,/Users/yogehs/Downloads/SbcC/S/1/38.csv,37.0,88.36547249474901,0.5,1.0,0.75,0.25,fil2,0.5,41.45408920894599,"[0.32,0.22,0.01,0.43,3.87]","[0.02,0.02,-0.00,-0.03,-0.08]","[0.01,0.01,0.01,0.01,0.02]",4.854,152.423,17.181981430649966,1.0,716.487,-0.006351088378430731
76,"[8.31,16.62,24.93,33.25,41.56]","[66.11,263.28,563.33,972.45,1486.35]",S_1,/Users/yogehs/Downloads/SbcC/S/1/39.csv,38.0,83.29183193775258,0.0,0.5,0.25,0.75,fil1,0.5,41.45408920894599,"[0.16,0.38,0.26,0.03,0.02]","[0.03,0.05,0.04,0.01,0.01]","[0.00,0.00,0.01,0.00,0.00]",0.8548,43.739,0.6828769947650954,1.0,4651.767,0.025893974584233283
77,"[8.28,16.55,24.83,33.11,41.38]","[66.63,272.99,604.36,1077.78,1584.45]",S_1,/Users/yogehs/Downloads/SbcC/S/1/39.csv,38.0,83.29183193775258,0.5,1.0,0.75,0.25,fil2,0.5,41.45408920894599,"[0.04,0.11,0.02,0.93,2.62]","[0.01,0.02,0.01,-0.05,-0.08]","[0.00,0.00,0.01,0.02,0.01]",3.7182,106.001,20.24848049134247,0.999,743.144,-0.014314390379449829
78,"[8.42,16.84,25.25,33.67,42.09]","[69.81,271.95,591.32,985.82,1455.25]",S_1,/Users/yogehs/Downloads/SbcC/S/1/40.csv,39.0,84.40990433734385,0.0,0.5,0.25,0.75,fil1,0.5,41.45408920894599,"[0.10,0.20,0.26,0.19,0.04]","[0.03,0.04,0.04,0.04,0.02]","[0.00,0.00,0.00,0.00,0.01]",0.7914,35.516,1.7593720131186976,0.999,7943.974,0.03033577156636745
79,"[8.38,16.77,25.15,33.54,41.92]","[69.68,280.45,628.98,1109.17,1690.94]",S_1,/Users/yogehs/Downloads/SbcC/S/1/40.csv,39.0,84.40990433734385,0.5,1.0,0.75,0.25,fil2,0.5,41.45408920894599,"[0.13,0.00,0.00,0.84,0.52]","[-0.01,-0.00,-0.00,-0.03,-0.02]","[0.00,0.00,0.01,0.00,0.00]",1.4821,209.039,31.016700700419754,1.0,5316.166,-0.011849807835943265
80,"[8.56,17.12,25.68,34.25,42.81]","[69.81,284.83,613.14,1014.04,1480.52]",S_1,/Users/yogehs/Downloads/SbcC/S/1/41.csv,40.0,85.87645191018085,0.0,0.5,0.25,0.75,fil1,0.5,41.45408920894599,"[0.10,0.20,0.25,0.19,0.08]","[0.03,0.04,0.04,0.04,0.02]","[0.00,0.00,0.00,0.00,0.01]",0.8166,33.623,2.108098767782203,0.999,14212.736,0.03266329089477245
81,"[8.53,17.06,25.59,34.13,42.66]","[72.68,289.12,643.89,1113.16,1643.42]",S_1,/Users/yogehs/Downloads/SbcC/S/1/41.csv,40.0,85.87645191018085,0.5,1.0,0.75,0.25,fil2,0.5,41.45408920894599,"[0.00,0.05,0.25,0.48,0.16]","[-0.00,-0.01,-0.03,-0.04,-0.02]","[0.00,0.00,0.01,0.00,0.00]",0.9374,78.027,10.164257163366246,0.999,4978.368,-0.018700096510306023
82,"[8.26,16.51,24.77,33.02,41.28]","[66.33,242.09,511.52,865.28,1337.11]",S_1,/Users/yogehs/Downloads/SbcC/S/1/42.csv,41.0,82.57589303737105,0.0,0.5,0.25,0.75,fil1,0.5,41.45408920894599,"[0.44,0.41,0.14,0.05,0.03]","[0.06,0.06,0.04,0.02,-0.02]","[0.01,0.01,0.01,0.01,0.01]",1.0674,25.292,1.040518567086074,0.999,961.604,0.028382279340019835
83,"[8.17,16.34,24.51,32.68,40.85]","[64.69,264.74,597.63,1049.19,1628.12]",S_1,/Users/yogehs/Downloads/SbcC/S/1/42.csv,41.0,82.57589303737105,0.5,1.0,0.75,0.25,fil2,0.5,41.45408920894599,"[0.56,0.03,0.07,0.07,0.03]","[-0.02,-0.00,-0.01,-0.01,-0.00]","[0.01,0.00,0.00,0.00,0.00]",0.7484,288.879,19.99304322186543,1.0,15989.945,-0.01034267344382259
84,"[8.15,16.30,24.45,32.60,40.75]","[64.18,236.47,473.31,804.81,1245.29]",S_1,/Users/yogehs/Downloads/SbcC/S/1/43.csv,42.0,81.74285641459764,0.0,0.5,0.25,0.75,fil1,0.5,41.45408920894599,"[0.26,0.53,0.13,0.02,0.00]","[0.06,0.08,0.04,0.02,-0.00]","[0.01,0.01,0.01,0.00,0.01]",0.9418,20.596,0.9972132274127183,0.998,1116.541,0.0365444086541173
85,"[8.12,16.25,24.37,32.49,40.62]","[64.70,259.76,588.56,1027.63,1506.43]",S_1,/Users/yogehs/Downloads/SbcC/S/1/43.csv,42.0,81.74285641459764,0.5,1.0,0.75,0.25,fil2,0.5,41.45408920894599,"[0.02,0.00,0.10,0.63,0.93]","[-0.01,-0.00,-0.02,-0.04,-0.05]","[0.00,0.00,0.01,0.01,0.00]",1.6757,87.566,15.494029073785727,0.998,2757.027,-0.020817012185891277
86,"[8.13,16.25,24.38,32.50,40.63]","[65.13,255.11,551.45,924.88,1392.52]",S_1,/Users/yogehs/Downloads/SbcC/S/1/44.csv,43.0,81.38470864595718,0.0,0.5,0.25,0.75,fil1,0.5,41.45408920894599,"[0.07,0.23,0.34,0.14,0.00]","[0.02,0.04,0.05,0.03,-0.00]","[0.00,0.01,0.00,0.01,0.01]",0.7847,38.958,1.3367509380410114,1.0,2943.697,0.02596762988914998
87,"[8.07,16.14,24.20,32.27,40.34]","[63.78,259.81,581.49,985.46,1422.32]",S_1,/Users/yogehs/Downloads/SbcC/S/1/44.csv,43.0,81.38470864595718,0.5,1.0,0.75,0.25,fil2,0.5,41.45408920894599,"[0.01,0.01,0.22,0.63,0.31]","[-0.01,-0.01,-0.03,-0.05,-0.04]","[0.00,0.00,0.01,0.00,0.01]",1.1727,56.684,8.884151122013346,0.997,2816.466,-0.02380381777907601
88,"[8.49,16.99,25.48,33.98,42.47]","[69.47,269.12,564.42,941.45,1444.61]",S_1,/Users/yogehs/Downloads/SbcC/S/1/45.csv,44.0,85.06583697256696,0.0,0.5,0.25,0.75,fil1,0.5,41.45408920894599,"[0.15,0.41,0.22,0.05,0.00]","[0.04,0.06,0.04,0.02,-0.00]","[0.01,0.00,0.01,0.01,0.01]",0.8357,29.168,0.8615953545003046,1.0,1955.707,0.02685932752064039
89,"[8.43,16.85,25.28,33.71,42.13]","[70.07,281.74,630.32,1097.25,1641.08]",S_1,/Users/yogehs/Downloads/SbcC/S/1/45.csv,44.0,85.06583697256696,0.5,1.0,0.75,0.25,fil2,0.5,41.45408920894599,"[0.02,0.02,0.32,0.37,0.16]","[-0.01,-0.01,-0.03,-0.03,-0.02]","[0.00,0.00,0.01,0.00,0.00]",0.8873,100.033,12.685178840926024,0.999,8935.036,-0.016415839573244186
90,"[8.24,16.48,24.72,32.96,41.20]","[64.57,254.15,538.15,927.01,1419.32]",S_1,/Users/yogehs/Downloads/SbcC/S/1/46.csv,45.0,82.5289945294076,0.0,0.5,0.25,0.75,fil1,0.5,41.45408920894599,"[0.29,0.43,0.14,0.05,0.02]","[0.04,0.05,0.03,0.02,0.01]","[0.01,0.00,0.01,0.00,0.00]",0.9337,35.625,0.888295123847037,1.0,3510.987,0.029844116786353538
91,"[8.18,16.36,24.53,32.71,40.89]","[65.91,266.91,595.25,1025.93,1542.13]",S_1,/Users/yogehs/Downloads/SbcC/S/1/46.csv,45.0,82.5289945294076,0.5,1.0,0.75,0.25,fil2,0.5,41.45408920894599,"[0.00,0.01,0.33,0.41,0.14]","[0.00,-0.01,-0.03,-0.03,-0.02]","[0.00,0.00,0.01,0.00,0.00]",0.9027,92.658,10.647706229869307,0.999,4720.759,-0.01534421017994496
92,"[8.33,16.65,24.98,33.31,41.64]","[65.65,254.99,547.30,950.08,1452.15]",S_1,/Users/yogehs/Downloads/SbcC/S/1/47.csv,46.0,83.33017305323361,0.0,0.5,0.25,0.75,fil1,0.5,41.45408920894599,"[0.32,0.45,0.14,0.03,0.06]","[0.05,0.05,0.03,0.01,0.02]","[0.01,0.00,0.01,0.00,0.00]",1.0057,36.369,0.9620552650985815,1.0,4020.462,0.03104922527296065
93,"[8.25,16.51,24.76,33.01,41.27]","[66.67,271.94,599.88,1041.69,1549.91]",S_1,/Users/yogehs/Downloads/SbcC/S/1/47.csv,46.0,83.33017305323361,0.5,1.0,0.75,0.25,fil2,0.5,41.45408920894599,"[0.10,0.06,0.37,0.35,0.15]","[0.02,-0.01,-0.03,-0.03,-0.02]","[0.01,0.01,0.00,0.00,0.00]",1.0328,80.428,9.189660938246357,0.999,2270.937,-0.01262050318715319
94,"[8.38,16.76,25.13,33.51,41.89]","[68.08,265.63,594.12,1046.14,1572.34]",S_1,/Users/yogehs/Downloads/SbcC/S/1/48.csv,47.0,83.98037605995353,0.0,0.5,0.25,0.75,fil1,0.5,41.45408920894599,"[0.43,0.27,0.12,0.10,0.52]","[0.04,0.03,0.02,0.02,0.04]","[0.00,0.00,0.00,0.00,0.01]",1.4416,64.787,2.843733095954113,1.0,7045.913,0.03202010121230518
95,"[8.33,16.66,24.99,33.32,41.65]","[67.69,273.68,607.57,1019.73,1468.80]",S_1,/Users/yogehs/Downloads/SbcC/S/1/48.csv,47.0,83.98037605995353,0.5,1.0,0.75,0.25,fil2,0.5,41.45408920894599,"[0.27,0.01,0.45,0.49,0.13]","[0.04,-0.01,-0.05,-0.05,-0.03]","[0.01,0.01,0.01,0.01,0.00]",1.3476,45.321,5.403240046916433,0.997,718.19,-0.010309988728642064
96,"[8.29,16.58,24.88,33.17,41.46]","[67.95,263.38,580.87,1016.82,1512.41]",S_1,/Users/yogehs/Downloads/SbcC/S/1/49.csv,48.0,83.03993024714225,0.0,0.5,0.25,0.75,fil1,0.5,41.45408920894599,"[0.37,0.23,0.12,0.13,0.52]","[0.04,0.03,0.02,0.02,0.05]","[0.00,0.00,0.00,0.01,0.00]",1.3671,55.563,3.0277104819451237,1.0,8298.423,0.03465476826926739
97,"[8.23,16.46,24.69,32.92,41.15]","[65.82,269.58,597.36,1016.56,1529.13]",S_1,/Users/yogehs/Downloads/SbcC/S/1/49.csv,48.0,83.03993024714225,0.5,1.0,0.75,0.25,fil2,0.5,41.45408920894599,"[0.06,0.10,0.42,0.22,0.06]","[0.01,-0.02,-0.04,-0.03,-0.01]","[0.01,0.01,0.00,0.00,0.00]",0.8616,71.033,6.2408164136124205,0.999,2263.995,-0.01388542910749539
98,"[8.23,16.45,24.68,32.91,41.14]","[63.25,259.40,552.85,938.31,1384.08]",S_1,/Users/yogehs/Downloads/SbcC/S/1/50.csv,49.0,82.31327390323584,0.0,0.5,0.25,0.75,fil1,0.5,41.45408920894599,"[0.21,0.29,0.18,0.09,0.26]","[0.04,0.05,0.04,0.03,0.04]","[0.00,0.00,0.00,0.00,0.00]",1.0256,33.654,1.2384145343417712,1.0,15071.892,0.03782340109314103
99,"[8.16,16.32,24.47,32.63,40.79]","[65.78,261.75,584.15,993.20,1460.53]",S_1,/Users/yogehs/Downloads/SbcC/S/1/50.csv,49.0,82.31327390323584,0.5,1.0,0.75,0.25,fil2,0.5,41.45408920894599,"[0.03,0.08,0.34,0.33,0.12]","[0.01,-0.02,-0.04,-0.04,-0.02]","[0.01,0.01,0.01,0.00,0.00]",0.9039,56.33,5.9924363264947145,0.999,2183.774,-0.018183666470479438
100,"[8.33,16.66,24.98,33.31,41.64]","[68.04,266.99,575.76,1002.08,1537.15]",S_1,/Users/yogehs/Downloads/SbcC/S/1/51.csv,50.0,83.32761015946075,0.0,0.5,0.25,0.75,fil1,0.5,41.45408920894599,"[0.32,0.34,0.19,0.05,0.05]","[0.04,0.04,0.03,0.02,0.01]","[0.00,0.00,0.00,0.00,0.00]",0.9511,55.022,0.8715066518865826,1.0,8933.994,0.024869084835271237
101,"[8.23,16.45,24.68,32.91,41.13]","[66.28,260.69,569.62,962.27,1386.95]",S_1,/Users/yogehs/Downloads/SbcC/S/1/51.csv,50.0,83.32761015946075,0.5,1.0,0.75,0.25,fil2,0.5,41.45408920894599,"[0.02,0.55,0.31,1.04,0.07]","[0.01,0.06,-0.05,-0.08,-0.02]","[0.01,0.02,0.08,0.03,0.01]",1.9821,35.725,2.7959986681752533,0.998,214.834,-0.004701113797399171
102,"[8.34,16.67,25.01,33.35,41.68]","[68.68,270.81,611.34,1068.16,1623.01]",S_1,/Users/yogehs/Downloads/SbcC/S/1/52.csv,51.0,83.47435654640002,0.0,0.5,0.25,0.75,fil1,0.5,41.45408920894599,"[0.09,0.16,0.21,0.27,0.13]","[0.01,0.02,0.02,0.02,0.02]","[0.00,0.00,0.00,0.00,0.01]",0.86,107.967,7.6500679244854375,1.0,30302.419,0.019738042774146994
103,"[8.28,16.55,24.83,33.10,41.38]","[66.04,267.34,600.95,1062.22,1493.03]",S_1,/Users/yogehs/Downloads/SbcC/S/1/52.csv,51.0,83.47435654640002,0.5,1.0,0.75,0.25,fil2,0.5,41.45408920894599,"[0.05,0.15,0.02,1.47,1.42]","[0.01,0.02,0.01,-0.08,-0.08]","[0.00,0.00,0.02,0.03,0.02]",3.1143,59.963,11.85698445487126,0.996,441.43,-0.01737227440164081
104,"[8.29,16.57,24.86,33.15,41.43]","[67.15,266.15,582.75,1004.33,1522.03]",S_1,/Users/yogehs/Downloads/SbcC/S/1/53.csv,52.0,82.89440661500501,0.0,0.5,0.25,0.75,fil1,0.5,41.45408920894599,"[0.17,0.26,0.25,0.10,0.10]","[0.03,0.03,0.03,0.02,0.02]","[0.00,0.00,0.00,0.01,0.01]",0.8839,57.086,1.5151259163629136,1.0,16911.462,0.025809667347156316
105,"[8.23,16.46,24.69,32.92,41.14]","[65.01,243.17,560.50,994.36,1454.01]",S_1,/Users/yogehs/Downloads/SbcC/S/1/53.csv,52.0,82.89440661500501,0.5,1.0,0.75,0.25,fil2,0.5,41.45408920894599,"[1.24,0.16,0.34,0.54,0.64]","[0.08,0.03,-0.04,-0.05,-0.06]","[0.02,0.04,0.01,0.00,0.00]",2.9206,46.494,3.397639647960799,0.999,279.769,0.001052957693496995
106,"[8.20,16.40,24.60,32.80,41.00]","[65.41,257.97,561.71,952.71,1418.45]",S_1,/Users/yogehs/Downloads/SbcC/S/1/54.csv,53.0,82.00545699335797,0.0,0.5,0.25,0.75,fil1,0.5,41.45408920894599,"[0.11,0.23,0.26,0.11,0.27]","[0.03,0.04,0.04,0.03,0.04]","[0.00,0.00,0.00,0.01,0.01]",0.977,40.105,1.5795108057645062,1.0,9002.376,0.03480537528337512
107,"[8.14,16.28,24.42,32.57,40.71]","[64.84,257.58,580.70,960.32,1381.18]",S_1,/Users/yogehs/Downloads/SbcC/S/1/54.csv,53.0,82.00545699335797,0.5,1.0,0.75,0.25,fil2,0.5,41.45408920894599,"[0.57,0.00,0.54,0.52,0.13]","[0.06,-0.00,-0.06,-0.06,-0.03]","[0.01,0.02,0.02,0.01,0.01]",1.7598,39.909,4.544252253404549,0.997,445.84,-0.013432307927552562
108,"[8.59,17.18,25.77,34.37,42.96]","[72.36,288.89,647.28,1133.37,1709.23]",S_1,/Users/yogehs/Downloads/SbcC/S/1/55.csv,54.0,86.06989589819085,0.0,0.5,0.25,0.75,fil1,0.5,41.45408920894599,"[0.04,0.11,0.25,0.25,0.46]","[0.01,0.02,0.02,0.02,0.03]","[0.00,0.00,0.00,0.00,0.00]",1.1108,100.408,8.449613401336098,1.0,15421.332,0.02369298225620539
109,"[8.53,17.06,25.59,34.12,42.65]","[71.36,273.35,594.37,1052.85,1427.47]",S_1,/Users/yogehs/Downloads/SbcC/S/1/55.csv,54.0,86.06989589819085,0.5,1.0,0.75,0.25,fil2,0.5,41.45408920894599,"[0.28,0.33,0.00,1.75,0.51]","[0.05,0.05,0.00,-0.11,-0.06]","[0.00,0.00,0.03,0.03,0.02]",2.8702,31.749,4.017130916723129,0.994,229.158,-0.004520374750490282
110,"[8.26,16.53,24.79,33.06,41.32]","[62.59,267.25,602.30,1049.72,1577.68]",S_1,/Users/yogehs/Downloads/SbcC/S/1/56.csv,55.0,82.75926150850091,0.0,0.5,0.25,0.75,fil1,0.5,41.45408920894599,"[0.02,0.05,0.23,0.43,0.40]","[0.01,0.01,0.02,0.03,0.03]","[0.00,0.00,0.01,0.01,0.01]",1.1313,94.921,9.609893136214033,1.0,8838.333,0.025774221642857743
111,"[8.21,16.42,24.63,32.84,41.05]","[65.74,258.44,581.37,1000.56,1452.70]",S_1,/Users/yogehs/Downloads/SbcC/S/1/56.csv,55.0,82.75926150850091,0.5,1.0,0.75,0.25,fil2,0.5,41.45408920894599,"[0.79,0.00,0.42,0.56,0.25]","[0.06,0.00,-0.05,-0.05,-0.03]","[0.01,0.03,0.01,0.00,0.01]",2.0175,49.567,5.026628965060447,0.998,450.167,-0.003920933662633318
112,"[8.19,16.39,24.58,32.77,40.97]","[62.84,263.61,580.56,998.13,1496.10]",S_1,/Users/yogehs/Downloads/SbcC/S/1/57.csv,56.0,82.08840030670416,0.0,0.5,0.25,0.75,fil1,0.5,41.45408920894599,"[0.08,0.16,0.25,0.20,0.23]","[0.02,0.03,0.03,0.03,0.03]","[0.00,0.00,0.00,0.00,0.00]",0.9219,61.638,3.974472783007365,1.0,46143.654,0.027549657435312506
113,"[8.14,16.28,24.42,32.56,40.71]","[65.34,260.69,584.06,1033.92,1564.09]",S_1,/Users/yogehs/Downloads/SbcC/S/1/57.csv,56.0,82.08840030670416,0.5,1.0,0.75,0.25,fil2,0.5,41.45408920894599,"[0.44,0.14,0.14,1.03,0.22]","[0.03,0.02,-0.02,-0.04,-0.02]","[0.00,0.01,0.02,0.01,0.00]",1.9565,130.315,14.135694457096653,1.0,1257.456,-0.00393106461180139
114,"[8.27,16.54,24.81,33.09,41.36]","[64.89,258.06,567.80,993.63,1519.93]",S_1,/Users/yogehs/Downloads/SbcC/S/1/58.csv,57.0,82.82538749896759,0.0,0.5,0.25,0.75,fil1,0.5,41.45408920894599,"[0.36,0.36,0.17,0.05,0.07]","[0.04,0.04,0.03,0.01,0.02]","[0.00,0.00,0.00,0.00,0.00]",1.0098,56.059,0.8574911739958853,1.0,8841.52,0.026054391495011504
115,"[8.22,16.45,24.67,32.89,41.12]","[66.26,259.83,549.27,983.34,1510.97]",S_1,/Users/yogehs/Downloads/SbcC/S/1/58.csv,57.0,82.82538749896759,0.5,1.0,0.75,0.25,fil2,0.5,41.45408920894599,"[0.16,0.69,0.18,0.49,1.70]","[0.03,0.05,0.03,-0.05,-0.08]","[0.00,0.01,0.02,0.02,0.01]",3.2149,57.44,2.78583353937924,1.0,376.775,0.0038263200141793103
116,"[8.02,16.05,24.07,32.10,40.12]","[62.46,247.88,555.36,949.58,1451.24]",S_1,/Users/yogehs/Downloads/SbcC/S/1/59.csv,58.0,80.38311048628239,0.0,0.5,0.25,0.75,fil1,0.5,41.45408920894599,"[0.06,0.15,0.37,0.17,0.00]","[0.01,0.02,0.04,0.03,0.00]","[0.00,0.00,0.00,0.01,0.00]",0.759,64.034,2.104739524522719,1.0,4654.371,0.019134507594793765
117,"[7.98,15.96,23.93,31.91,39.89]","[62.97,247.78,529.48,802.35,1072.70]",S_1,/Users/yogehs/Downloads/SbcC/S/1/59.csv,58.0,80.38311048628239,0.5,1.0,0.75,0.25,fil2,0.5,41.45408920894599,"[0.01,0.09,0.32,0.31,0.06]","[-0.01,-0.04,-0.07,-0.07,-0.03]","[0.01,0.01,0.01,0.01,0.01]",0.7989,17.031,1.9313774204765313,0.986,1739.944,-0.04290553526578309
118,"[8.37,16.74,25.11,33.48,41.85]","[66.54,271.81,609.79,1039.45,1545.69]",S_1,/Users/yogehs/Downloads/SbcC/S/1/60.csv,59.0,83.82151383491626,0.0,0.5,0.25,0.75,fil1,0.5,41.45408920894599,"[0.05,0.15,0.27,0.22,0.26]","[0.01,0.02,0.03,0.03,0.03]","[0.00,0.00,0.00,0.00,0.00]",0.949,58.57,4.668560403131207,0.999,22782.439,0.02827693403235507
119,"[8.29,16.58,24.87,33.16,41.45]","[67.12,252.94,561.01,1003.85,1535.75]",S_1,/Users/yogehs/Downloads/SbcC/S/1/60.csv,59.0,83.82151383491626,0.5,1.0,0.75,0.25,fil2,0.5,41.45408920894599,"[0.66,0.75,0.23,0.70,0.12]","[0.05,0.06,-0.03,-0.05,-0.02]","[0.01,0.01,0.04,0.01,0.00]",2.4538,58.407,2.801165201760023,1.0,397.024,0.011201503655926124
